legacy_id,purchase_legacy_id,product_legacy_id,product_uom_legacy_id,qty,cost_per_unit,subtotal,factor_used,qty_base
1,1,284,presentacion:287,41,25,1025,1,41
2,2,234,presentacion:233,3,33,99,1,3
3,2,241,presentacion:241,1,33,33,1,1
4,2,247,presentacion:248,1,33,33,1,1
5,3,5,presentacion:3,13,3800,49400,40,520
6,3,7,presentacion:7,13,3150,40950,40,520
7,4,284,presentacion:287,41,25,1025,1,41
8,5,287,presentacion:290,94,23,2162,1,94
9,6,287,presentacion:290,500,18,9000,1,500
10,7,540,presentacion:545,4,721.14,2884.56,1,4
11,7,541,presentacion:546,5,189.09,945.44,1,5
12,7,542,presentacion:547,5,148,739.99,1,5
13,7,543,presentacion:548,5,183.36,916.8,1,5
14,7,544,presentacion:549,5,269.6,1348,1,5
15,7,545,presentacion:550,5,308.77,1543.85,1,5
16,8,546,presentacion:552,100,0.42,41.6,1,100
17,8,547,presentacion:553,20,25.12,502.4,1,20
18,8,548,presentacion:554,2,234,468,1,2
19,8,549,presentacion:556,4,96,384,1,4
20,8,550,presentacion:561,4,108,432,1,4
21,8,551,presentacion:563,4,59.34,237.36,1,4
22,8,553,presentacion:564,4,45.54,182.16,1,4
23,8,554,presentacion:565,2,69,138,1,2
24,8,555,presentacion:566,2,75.9,151.8,1,2
25,8,557,presentacion:569,11,31.25,343.75,1,11
26,8,556,presentacion:570,6,59.44,356.64,1,6
27,9,516,presentacion:523,1200,3.3,3963.74,1,1200
28,10,514,presentacion:521,100,14.1,1410.32,1,100
29,11,515,presentacion:522,200,5.79,1158.56,1,200
30,12,527,presentacion:532,100,4.72,472.13,1,100
31,13,352,presentacion:361,100,32.37,3237.08,1,100
32,14,368,presentacion:376,100,25.47,2547.01,1,100
33,15,287,presentacion:290,1000,19,19000,1,1000
34,16,633,presentacion:638,30,168.83,5065,1,30
35,17,683,presentacion:687,100,145.5,14549.73,1,100
36,18,697,presentacion:700,50,119.94,5997.2,1,50
37,19,696,presentacion:701,1,612.87,612.87,1,1
38,20,698,presentacion:703,4,3400,13600,1,4
39,20,699,presentacion:705,4,4300,17200,40,160
40,21,700,presentacion:708,3,2501.2,7503.61,1,3
41,21,300,presentacion:307,7,142.12,994.86,1,7
42,21,310,presentacion:317,13,324.92,4224,1,13
43,21,334,presentacion:340,3,170.66,511.97,1,3
44,21,319,presentacion:326,29,131,3798.9,1,29
45,22,730,presentacion:737,29,1676.83,48627.98,100,2900
46,23,733,presentacion:740,200,468.45,93689.58,1,200
47,24,745,presentacion:751,3,452.67,1358,1,3
48,25,747,presentacion:757,18,1741.13,31340.36,1,18
49,26,771,presentacion:801,9,2422.1,21798.92,1,9
50,27,783,presentacion:821,15,1033.48,15502.25,1,15
51,28,797,presentacion:836,2,483.87,967.74,1,2
52,29,5,presentacion:3,5.5,4218,23199,40,220
53,30,800,presentacion:839,1,1975.79,1975.79,1,1
54,30,801,presentacion:840,1,1828.53,1828.53,1,1
55,30,799,presentacion:838,1,2914.84,2914.84,1,1
56,31,5,presentacion:4,480,105.45,50616,1,480
57,32,802,presentacion:841,5,47.71,238.55,1,5
58,32,803,presentacion:842,5,55.13,275.67,1,5
59,32,804,presentacion:843,5,2.22,11.08,1,5
60,32,110,presentacion:109,2,199,398,1,2
61,32,176,presentacion:175,2,125,250,1,2
62,33,806,presentacion:846,10,11.38,113.8,1,10
63,33,807,presentacion:847,10,20.65,206.48,1,10
64,33,808,presentacion:848,10,25.28,252.76,1,10
65,33,809,presentacion:849,10,35.15,351.48,1,10
66,33,810,presentacion:850,5,53.06,265.29,1,5
67,33,811,presentacion:851,5,117.94,589.69,1,5
68,33,813,presentacion:852,5,164.55,822.73,1,5
69,33,815,presentacion:854,10,37.9,378.97,1,10
70,33,817,presentacion:856,10,33.71,337.1,1,10
71,33,818,presentacion:857,10,17.37,173.65,1,10
72,33,819,presentacion:858,10,46.41,464.12,1,10
73,33,820,presentacion:859,10,658.43,6584.28,1,10
74,33,821,presentacion:860,10,1085.08,10850.76,1,10
75,33,822,presentacion:861,10,18.32,183.16,1,10
76,33,823,presentacion:862,10,24.4,243.95,1,10
77,33,812,presentacion:863,5,282.58,1412.88,1,5
78,33,824,presentacion:864,10,17.43,174.35,1,10
79,33,814,presentacion:853,10,25.43,254.27,1,10
80,34,826,presentacion:866,10,96.92,969.18,1,10
81,34,827,presentacion:867,10,119.19,1191.9,1,10
82,34,828,presentacion:868,5,39,195,1,5
83,34,829,presentacion:869,5,23,115.01,1,5
84,34,830,presentacion:870,5,16,79.98,1,5
85,34,831,presentacion:871,5,23,115.01,1,5
86,34,832,presentacion:872,2,162.01,324.01,1,2
87,34,833,presentacion:873,12,29.63,355.52,1,12
88,34,834,presentacion:874,10,71.73,717.34,1,10
89,34,835,presentacion:875,5,117,584.99,1,5
90,34,836,presentacion:876,3,30.4,91.21,1,3
91,34,837,presentacion:877,10,40.8,407.97,1,10
92,34,838,presentacion:878,3,146,437.99,1,3
93,34,839,presentacion:879,5,28.65,143.26,1,5
94,34,840,presentacion:880,10,29.5,294.99,1,10
95,34,841,presentacion:881,3,43.8,131.4,1,3
96,34,842,presentacion:882,5,26.1,130.5,1,5
97,34,843,presentacion:883,5,55.4,277.01,1,5
98,34,844,presentacion:884,3,154,462,1,3
99,34,845,presentacion:885,3,58,174,1,3
100,34,846,presentacion:886,10,117.6,1176.01,1,10
101,34,847,presentacion:887,5,60,299.98,1,5
102,34,848,presentacion:888,10,83.94,839.38,1,10
103,34,849,presentacion:889,5,34,170,1,5
104,34,850,presentacion:890,10,4.39,43.85,1,10
105,34,851,presentacion:891,80,72.99,5839.21,1,80
106,35,854,presentacion:894,1,1438.4,1438.4,1,1
107,35,855,presentacion:895,1,1806.7,1806.7,1,1
108,35,856,presentacion:896,1,1289.78,1289.78,1,1
109,36,857,presentacion:897,10,9.48,94.8,1,10
110,36,858,presentacion:898,10,12.07,120.7,1,10
111,36,859,presentacion:899,10,12.93,129.3,1,10
112,36,860,presentacion:900,10,15.52,155.2,1,10
113,36,861,presentacion:901,10,24.13,241.3,1,10
114,36,862,presentacion:902,10,15.95,159.5,1,10
115,36,863,presentacion:903,10,8.62,86.2,1,10
116,36,864,presentacion:904,10,12.07,120.7,1,10
117,36,865,presentacion:905,10,15.52,155.2,1,10
118,36,866,presentacion:907,5,18.97,94.85,1,5
119,36,868,presentacion:908,2,18.97,37.94,1,2
120,36,869,presentacion:909,2,21.55,43.1,1,2
121,36,870,presentacion:910,2,23.28,46.56,1,2
122,36,871,presentacion:911,4,111.21,444.84,1,4
123,36,872,presentacion:912,4,81.9,327.6,1,4
124,36,873,presentacion:913,4,49.14,196.56,1,4
125,36,874,presentacion:914,5,53.45,267.25,1,5
126,36,875,presentacion:915,4,62.32,249.28,1,4
127,36,876,presentacion:916,4,142.24,568.96,1,4
128,36,877,presentacion:917,4,34.48,137.92,1,4
129,36,878,presentacion:918,4,54.31,217.24,1,4
130,36,879,presentacion:919,4,44.83,179.32,1,4
131,36,880,presentacion:920,12,15.52,186.24,1,12
132,36,882,presentacion:922,1,3245.99,3245.99,1,1
133,37,885,presentacion:926,10,129.5,1294.98,1,10
134,38,883,presentacion:923,80,96.24,7699.2,1,80
135,38,884,presentacion:924,5,124.8,624,1,5
136,38,886,presentacion:925,5,124.8,624,1,5
137,38,887,presentacion:927,5,124.8,624,1,5
138,38,888,presentacion:928,5,124.8,624,1,5
139,38,893,presentacion:933,5,145.4,727,1,5
140,38,892,presentacion:932,5,145.4,727,1,5
141,38,891,presentacion:931,5,145.4,727,1,5
142,38,890,presentacion:930,5,145.4,727,1,5
143,38,889,presentacion:929,5,145.4,727,1,5
144,39,894,presentacion:934,4,59,235.99,1,4
145,39,895,presentacion:935,2,115,230,1,2
146,39,896,presentacion:936,1,2125,2125,1,1
147,40,897,presentacion:938,12,28,336,1,12
148,40,898,presentacion:939,12,18.67,224,1,12
149,40,899,presentacion:940,12,18.67,224.08,1,12
150,40,900,presentacion:941,24,13.5,324,1,24
151,40,901,presentacion:942,5,35.33,176.65,1,5
152,40,902,presentacion:943,36,12.67,456.12,1,36
153,40,903,presentacion:944,2,149.33,298.66,1,2
154,40,904,presentacion:945,2,213.33,426.66,1,2
155,40,905,presentacion:946,10,65.33,653.3,1,10
156,41,907,presentacion:948,6,35.82,214.92,1,6
157,41,908,presentacion:949,6,145,870,1,6
158,41,909,presentacion:950,6,84.9,509.4,1,6
159,41,910,presentacion:951,6,58.59,351.55,1,6
160,41,683,presentacion:687,100,4.7,469.8,1,100
161,41,669,presentacion:673,100,5.8,580,1,100
162,41,694,presentacion:698,70,30.23,2116.07,1,70
163,41,911,presentacion:952,50,20.56,1027.76,1,50
164,41,912,presentacion:953,5,19.23,96.16,1,5
165,41,844,presentacion:884,4,154,616.01,1,4
166,42,5,presentacion:4,400,105.5,42200,1,400
167,42,8,presentacion:10,80,75,6000,1,80
168,43,913,presentacion:954,33,409.09,13500,1,33
169,44,699,presentacion:706,160,110,17600,1,160
170,44,7,presentacion:8,160,82.5,13200,1,160
171,45,914,presentacion:955,100,60.25,6025,1,100
172,45,915,presentacion:956,300,157.52,47254.96,1,300
173,46,783,presentacion:821,33,38.81,1280.85,1,33
174,46,694,presentacion:698,54,30.23,1632.4,1,54
175,46,916,presentacion:957,1,27.54,27.54,1,1
176,46,788,presentacion:826,3,40.46,121.38,1,3
177,46,917,presentacion:958,6,22.38,134.26,1,6
178,46,918,presentacion:959,3,32.6,97.79,1,3
179,46,911,presentacion:952,9,20.56,185,1,9
180,46,919,presentacion:960,20,31.47,629.42,1,20
181,46,920,presentacion:961,1,47.37,47.37,1,1
182,47,284,presentacion:287,500,22,11000,1,500
183,47,825,presentacion:865,9,3500,31500,1,9
184,48,921,presentacion:962,500,69.89,34945,1,500
185,49,702,presentacion:710,1,2865.35,2865.35,1,1
186,49,924,presentacion:966,5,142.24,711.2,1,5
187,49,925,presentacion:967,3,211.21,633.63,1,3
188,49,927,presentacion:969,2,422.59,845.17,1,2
189,50,926,presentacion:968,1,146.55,146.55,1,1
190,50,928,presentacion:970,2,146.55,293.1,1,2
191,50,929,presentacion:971,2,146.55,293.1,1,2
192,50,930,presentacion:972,2,137.93,275.86,1,2
193,50,931,presentacion:973,2,240.7,481.39,1,2
194,51,933,presentacion:977,12,1403.12,16837.49,1,12
195,52,7,presentacion:8,240,82.5,19800,1,240
196,53,937,presentacion:981,8,19.89,159.15,1,8
197,53,938,presentacion:982,10,8.51,85.14,1,10
198,53,940,presentacion:984,10,14.58,145.81,1,10
199,53,939,presentacion:983,10,10.9,109.04,1,10
200,53,942,presentacion:986,5,41.16,205.78,1,5
201,53,941,presentacion:985,5,42,210.01,1,5
202,53,943,presentacion:987,6,21.34,128.06,1,6
203,53,944,presentacion:988,100,5.25,524.78,1,100
204,53,945,presentacion:989,5,409,2045.02,1,5
205,53,946,presentacion:990,5,543,2714.98,1,5
206,54,5,presentacion:3,10,4220,42200,40,400
207,55,289,presentacion:292,100,274.73,27473.44,1,100
208,56,594,presentacion:755,10.34,16752.46,173220.48,84,868.56
209,57,242,presentacion:243,2,171.55,343.1,1,2
210,57,29,presentacion:28,1,1245.69,1245.69,1,1
211,57,228,presentacion:228,1,1375,1375,1,1
212,57,950,presentacion:994,1,172.4,172.4,1,1
213,57,951,presentacion:995,10,92.33,923.29,1,10
214,58,952,presentacion:997,12,29.02,348.28,1,12
215,58,953,presentacion:998,10,170.69,1706.94,1,10
216,58,954,presentacion:999,10,20.63,206.25,1,10
217,58,955,presentacion:1000,6,95.53,573.16,1,6
218,58,956,presentacion:1001,10,50.63,506.34,1,10
219,59,70,presentacion:68,12,18.53,222.3,1,12
220,59,224,presentacion:223,4,11.15,44.59,1,4
221,59,156,presentacion:157,4,24.07,96.28,1,4
222,59,961,presentacion:1006,50,1.44,71.92,1,50
223,59,963,presentacion:1008,10,174.16,1741.62,1,10
224,59,964,presentacion:1009,50,72.48,3623.84,1,50
225,59,965,presentacion:1010,50,53.87,2693.52,1,50
226,59,962,presentacion:1007,24,233.26,5598.35,1,24
227,60,698,presentacion:704,80,170,13600,1,80
228,60,8,presentacion:10,320,70,22400,1,320
229,61,979,presentacion:1025,100,54.31,5431.03,1,100
230,61,980,presentacion:1026,100,71.12,7112.06,1,100
231,61,981,presentacion:1027,50,59.05,2952.58,1,50
232,61,982,presentacion:1028,50,164.58,8229.03,1,50
233,62,983,presentacion:1029,5,20,99.99,1,5
234,62,701,presentacion:709,3,2317.29,6951.87,1,3
235,62,702,presentacion:710,3,3236.12,9708.35,1,3
236,63,984,presentacion:1030,2,125,250,1,2
237,63,985,presentacion:1031,12,88.34,1060.06,1,12
238,64,110,presentacion:109,2,171.55,343.1,1,2
239,64,228,presentacion:228,1,1375,1375,1,1
240,64,29,presentacion:28,1,1719.9,1719.9,1,1
241,65,699,presentacion:705,6,4400,26400,40,240
242,66,825,presentacion:865,11.48,3498.48,40162.5,1,11.48
243,67,4,presentacion:1,36,4050,145800,20,720
244,67,6,presentacion:5,36,3300,118800,20,720
245,68,703,presentacion:711,33,303.03,10000,30,990
246,68,913,presentacion:954,33,303.03,10000,1,33
247,69,991,presentacion:1045,200,3.2,640,1,200
248,69,992,presentacion:1046,200,4.16,832,1,200
249,69,993,presentacion:1048,100,7.04,704,1,100
250,70,994,presentacion:1050,50,41.86,2093.12,1,50
251,70,995,presentacion:1051,51,41.37,2109.63,1,51
252,70,70,presentacion:68,10,19.45,194.53,1,10
253,70,261,presentacion:266,7,14.27,99.88,1,7
254,70,960,presentacion:1005,6,25.59,153.54,1,6
255,70,171,presentacion:172,5,5.89,29.46,1,5
256,70,156,presentacion:157,3,25.26,75.79,1,3
257,70,822,presentacion:861,10,15.29,152.89,1,10
258,70,996,presentacion:1052,10,2.33,23.32,1,10
259,70,997,presentacion:1053,10,2.92,29.23,1,10
260,70,823,presentacion:862,10,20.44,204.39,1,10
261,71,228,presentacion:228,1,1375,1375,1,1
262,71,29,presentacion:28,1,1665,1665,1,1
263,72,176,presentacion:175,6,107.76,646.56,1,6
264,72,110,presentacion:109,6,216.24,1297.44,1,6
265,73,926,presentacion:968,2,146.55,293.1,1,2
266,73,928,presentacion:970,1,316.2,316.2,1,1
267,73,930,presentacion:972,2,155.17,310.34,1,2
268,73,998,presentacion:1056,2,155.17,310.34,1,2
269,74,699,presentacion:706,320,107.5,34400,1,320
270,75,558,presentacion:555,200,0.76,152,1,200
271,75,567,presentacion:573,200,0.86,172,1,200
272,75,1001,presentacion:1059,3,28,84,1,3
273,75,1002,presentacion:1060,3,28,84,1,3
274,75,1003,presentacion:1061,3,28,84,1,3
275,75,1004,presentacion:1062,1,31.73,31.73,1,1
276,75,1005,presentacion:1063,1,44.17,44.17,1,1
277,75,1006,presentacion:1064,3,11.17,33.51,1,3
278,75,1007,presentacion:1065,5,24.62,123.1,1,5
279,75,1008,presentacion:1066,5,26.16,130.8,1,5
280,75,1009,presentacion:1068,5,37.14,185.7,1,5
281,75,1010,presentacion:1069,5,7.43,37.15,1,5
282,75,1011,presentacion:1070,5,9,45,1,5
283,75,1012,presentacion:1071,1,113.33,113.33,1,1
284,75,1013,presentacion:1072,1,141.49,141.49,1,1
285,75,1000,presentacion:1058,5,55,275,1,5
286,76,1021,presentacion:1081,50,19,950,1,50
287,77,987,presentacion:1035,7510,3.5,26285,1,7510
288,78,1014,presentacion:1073,25,71.91,1797.75,1,25
289,78,1015,presentacion:1075,25,135.38,3384.5,1,25
290,78,638,presentacion:643,15,2.24,33.6,1,15
291,78,639,presentacion:644,15,1.2,17.95,1,15
292,78,641,presentacion:646,10,5.86,58.6,1,10
293,78,255,presentacion:256,20,0.82,16.4,1,20
294,78,55,presentacion:54,20,0.93,18.6,1,20
295,78,189,presentacion:189,20,1.88,37.6,1,20
296,78,222,presentacion:221,20,1.5,30,1,20
297,78,109,presentacion:108,30,2.97,89.1,1,30
298,78,31,presentacion:29,10,0.59,5.9,1,10
299,78,131,presentacion:130,10,0.28,2.8,1,10
300,78,66,presentacion:65,30,8.46,253.8,1,30
301,78,83,presentacion:82,20,12.7,254,1,20
302,78,250,presentacion:251,30,3.52,105.6,1,30
303,78,72,presentacion:70,25,5.64,141,1,25
304,78,122,presentacion:121,20,5.64,112.8,1,20
305,78,33,presentacion:32,20,10.58,211.6,1,20
306,78,74,presentacion:74,40,32.22,1288.82,1,40
307,79,703,presentacion:711,1,7500,7500,30,30
308,80,703,presentacion:711,1,7500,7500,30,30
309,81,1022,presentacion:1082,3,613.41,1840.23,1,3
310,81,269,presentacion:270,20,56.59,1131.8,1,20
311,81,237,presentacion:238,20,97.39,1947.8,1,20
312,81,633,presentacion:638,5,317.72,1588.62,1,5
313,82,703,presentacion:711,1,7500,7500,30,30
314,83,780,presentacion:812,1,4500,4500,30,30
315,84,780,presentacion:812,1,4500,4500,30,30
316,85,699,presentacion:706,160,107.5,17200,1,160
317,86,228,presentacion:228,1,1375,1375,1,1
318,86,29,presentacion:28,1,1665,1665,1,1
319,87,1023,presentacion:1085,1,1664.99,1664.99,1,1
320,88,987,presentacion:1042,6,3600,21600,1000,6000
321,89,699,presentacion:706,320,107.5,34400,1,320
322,90,1017,presentacion:1077,15,45,675,2,30
323,90,1018,presentacion:1078,15,43,645,1,15
324,90,1016,presentacion:1076,15,40,600,1,15
325,90,1020,presentacion:1080,15,38,570,1,15
326,90,1019,presentacion:1079,15,82.2,1233,1,15
327,91,5,presentacion:3,36,4120,148320,40,1440
328,92,957,presentacion:1003,2,1000,2000,14,28
329,93,284,presentacion:287,2000,21.8,43600,1,2000
330,94,776,presentacion:806,5,53.43,267.15,1,5
331,94,1026,presentacion:1091,5,28.34,141.69,1,5
332,94,833,presentacion:873,12,29.63,355.52,1,12
333,94,694,presentacion:698,12,30.23,362.76,1,12
334,94,1027,presentacion:1092,4,31,123.98,1,4
335,94,302,presentacion:309,16,14,224.02,1,16
336,94,1028,presentacion:1093,2,110.01,220.01,1,2
337,94,942,presentacion:986,10,45.73,457.27,1,10
338,94,1029,presentacion:1094,3,66.78,200.34,1,3
339,94,669,presentacion:673,100,5.8,580,1,100
340,94,1030,presentacion:1095,4,19.65,78.6,1,4
341,94,736,presentacion:742,40,73.61,2944.34,1,40
342,95,8,presentacion:10,240,70,16800,1,240
343,96,987,presentacion:1042,9.9,3600,35640,1000,9900
344,97,253,presentacion:254,500,4.97,2486.34,1,500
345,97,1033,presentacion:1100,500,11.67,5834.68,1,500
346,98,1034,presentacion:1102,3,159.48,478.44,1,3
347,98,1035,presentacion:1103,1,142.24,142.24,1,1
348,98,1036,presentacion:1104,2,59.48,118.95,1,2
349,98,75,presentacion:77,1,145.69,145.69,1,1
350,98,110,presentacion:109,4,171.55,686.2,1,4
351,98,1037,presentacion:1105,4,42.24,168.96,1,4
352,98,1038,presentacion:1106,1,76.72,76.72,1,1
353,98,116,presentacion:114,3,53.45,160.35,1,3
354,98,1039,presentacion:1107,6,142.95,857.67,1,6
355,99,852,presentacion:892,30,300,9000,1,30
356,100,923,presentacion:964,1,1000,1000,7,7
357,101,906,presentacion:947,20,20,400,1,20
358,102,40,presentacion:39,1,95,95,1,1
359,102,1040,presentacion:1111,5,94.27,471.37,1,5
360,102,705,presentacion:713,10,5.55,55.45,1,10
361,102,804,presentacion:843,10,2.22,22.16,1,10
362,103,777,presentacion:807,5,115.9,579.5,1,5
363,103,904,presentacion:945,4,120,480,1,4
364,104,913,presentacion:954,33,424.24,14000,1,33
365,105,699,presentacion:706,320,110,35200,1,320
366,106,999,presentacion:1057,2,1200,2400,1,2
367,107,5,presentacion:3,32,3990,127680,40,1280
368,108,1041,presentacion:1116,5,190,950,1,5
369,108,1042,presentacion:1117,5,170,850,1,5
370,108,1043,presentacion:1118,5,160,800,1,5
371,108,1044,presentacion:1119,5,180,900,1,5
372,108,1046,presentacion:1120,12,110,1320,1,12
373,108,1048,presentacion:1122,5,190,950,1,5
374,108,1049,presentacion:1123,5,190,950,1,5
375,108,1047,presentacion:1121,10,85,850,1,10
376,108,1050,presentacion:1124,20,95,1900,1,20
377,109,703,presentacion:711,1,7500,7500,30,30
378,110,703,presentacion:711,1,7500,7500,30,30
379,111,1051,presentacion:1125,6,135,810,1,6
380,112,1052,presentacion:1126,10,6.75,67.5,1,10
381,112,1053,presentacion:1127,10,6.27,62.68,1,10
382,113,703,presentacion:711,1,7500,7500,30,30
383,114,1054,presentacion:1129,24.5,55.02,1348,1,24.5
384,114,1055,presentacion:1133,16,39.97,639.5,1,16
385,115,923,presentacion:965,14,142.86,2000,1,14
386,116,1056,presentacion:1134,30,176.67,5300,1,30
387,117,703,presentacion:711,1,7500,7500,30,30
388,118,287,presentacion:290,500,19.5,9750,1,500
389,119,703,presentacion:711,1,7500,7500,30,30
390,120,913,presentacion:954,33,236.36,7800,1,33
391,121,703,presentacion:711,1,7500,7500,30,30
392,122,7,presentacion:7,10,3065,30650,40,400
393,123,8,presentacion:10,560,70,39200,1,560
394,124,1057,presentacion:1138,100,0.28,27.96,1,100
395,124,1058,presentacion:1139,100,0.41,40.68,1,100
396,124,1059,presentacion:1140,100,0.59,58.85,1,100
397,124,1060,presentacion:1141,50,0.54,27.13,1,50
398,124,1061,presentacion:1142,50,0.86,42.98,1,50
399,124,613,presentacion:616,151,0.54,82,1,151
400,124,612,presentacion:615,153,0.54,82,1,153
401,124,1005,presentacion:1063,2,44.17,88.34,1,2
402,124,1004,presentacion:1062,2,31.73,63.46,1,2
403,124,1063,presentacion:1143,2,24.15,48.3,1,2
404,124,525,presentacion:530,50,0.69,34.5,1,50
405,124,1064,presentacion:1144,25,29.19,729.8,1,25
406,125,1065,presentacion:1145,5,9.41,47.05,1,5
407,125,1066,presentacion:1146,5,9.17,45.85,1,5
408,125,1067,presentacion:1147,5,9.17,45.85,1,5
409,125,1006,presentacion:1064,5,11.17,55.85,1,5
410,125,1069,presentacion:1148,7,20.83,145.81,1,7
411,125,1070,presentacion:1149,7,24.15,169.03,1,7
412,125,1071,presentacion:1150,7,27.56,192.91,1,7
413,125,1072,presentacion:1151,7,31.06,217.41,1,7
414,125,1073,presentacion:1152,7,34.47,241.29,1,7
415,125,1074,presentacion:1153,7,41.38,289.66,1,7
416,125,1075,presentacion:1154,5,48.29,241.45,1,5
417,125,1076,presentacion:1155,7,4.42,30.94,1,7
418,125,1077,presentacion:1156,20,1.55,30.94,1,20
419,125,1077,presentacion:1156,20,1.55,30.94,1,20
420,126,703,presentacion:844,33,227.27,7500,1,33
421,127,1056,presentacion:1134,33,142.42,4700,1,33
422,128,1079,presentacion:1161,20,98.75,1975,1,20
423,129,1080,presentacion:1163,4,35,140,1,4
424,129,112,presentacion:111,10,6,60,1,10
425,130,699,presentacion:706,240,107.5,25800,1,240
426,131,1083,presentacion:1168,2,56,112,1,2
427,131,1085,presentacion:1169,10,17.67,176.7,1,10
428,131,1087,presentacion:1172,1,109.9,109.9,1,1
429,131,1093,presentacion:1178,1,116.55,116.55,1,1
430,131,1094,presentacion:1179,1,150.15,150.15,1,1
431,131,1095,presentacion:1180,6,26.13,156.8,1,6
432,131,1096,presentacion:1181,6,8.63,51.8,1,6
433,131,1097,presentacion:1182,6,37.8,226.8,1,6
434,131,1098,presentacion:1183,2,179.2,358.4,1,2
435,131,1099,presentacion:1184,4,46.2,184.8,1,4
436,132,1081,presentacion:1166,1,128.45,128.45,1,1
437,132,1082,presentacion:1167,1,90.52,90.52,1,1
438,132,1084,presentacion:1170,1,31.9,31.9,1,1
439,132,1086,presentacion:1171,1,366.38,366.38,1,1
440,132,1088,presentacion:1173,1,254.31,254.31,1,1
441,132,1089,presentacion:1174,1,237.07,237.07,1,1
442,132,125,presentacion:124,1,90.52,90.52,1,1
443,132,950,presentacion:994,10,39.18,391.83,1,10
444,132,1090,presentacion:1175,2,271.55,543.1,1,2
445,132,1091,presentacion:1176,2,452.59,905.18,1,2
446,132,1092,presentacion:1177,1,625,625,1,1
447,132,329,presentacion:336,3,409.58,1228.73,1,3
448,133,923,presentacion:965,30,166.67,5000,1,30
449,134,957,presentacion:1003,1,1000,1000,14,14
450,135,957,presentacion:1003,1,1000,1000,14,14
451,136,5,presentacion:3,32,3990,127680,40,1280
452,137,957,presentacion:1185,3,75,225,1,3
453,138,733,presentacion:740,6,215,1290,1,6
454,139,7,presentacion:7,32,3065,98080,40,1280
455,140,735,presentacion:937,10,1685,16850,1,10
456,141,733,presentacion:740,100,250.31,25031,1,100
457,141,288,presentacion:291,100,120,11999.99,1,100
458,141,289,presentacion:292,50,257.01,12850.58,1,50
459,142,735,presentacion:741,50,1685.05,84252.54,1,50
460,143,923,presentacion:965,7,142.86,1000,1,7
461,144,40,presentacion:39,2,81.9,163.8,1,2
462,144,772,presentacion:802,2,211.21,422.42,1,2
463,144,1101,presentacion:1188,12,21.55,258.6,1,12
464,144,1102,presentacion:1189,10,2.85,28.45,1,10
465,144,228,presentacion:228,2,1375,2750,1,2
466,144,148,presentacion:148,6,59.48,356.88,1,6
467,144,145,presentacion:145,12,41.38,496.56,1,12
468,144,1103,presentacion:1190,20,6.29,125.86,1,20
469,144,309,presentacion:316,20,44.32,886.43,1,20
470,145,703,presentacion:711,30,250,7500,30,900
471,146,957,presentacion:1185,14,71.43,1000,1,14
472,147,703,presentacion:711,1,7500,7500,30,30
473,148,852,presentacion:1036,30,300,9000,30,900
474,149,852,presentacion:1036,30,300,9000,30,900
475,150,699,presentacion:706,240,110,26400,1,240
476,151,171,presentacion:172,6,11,66,1,6
477,152,950,presentacion:994,10,12.07,120.7,1,10
478,152,1090,presentacion:1175,1,271.55,271.55,1,1
479,152,1091,presentacion:1176,1,452.59,452.59,1,1
480,152,1104,presentacion:1195,2,42.24,84.48,1,2
481,152,1105,presentacion:1197,2,116.38,232.76,1,2
482,152,1106,presentacion:1196,20,26.79,535.77,1,20
483,153,1052,presentacion:1126,50,6.52,325.77,1,50
484,154,703,presentacion:711,30,433.33,13000,30,900
485,155,287,presentacion:290,500,19.5,9750,1,500
486,156,1109,presentacion:1200,2,103,205.99,1,2
487,156,1029,presentacion:1094,10,61,610.04,1,10
488,156,1026,presentacion:1091,10,28.34,283.39,1,10
489,156,1108,presentacion:1199,5,30.76,153.82,1,5
490,156,230,presentacion:230,10,9.61,96.05,1,10
491,156,1110,presentacion:1204,100,2.61,260.59,1,100
492,156,294,presentacion:302,25,44.15,1103.86,1,25
493,156,293,presentacion:301,50,24.25,1212.73,1,50
494,156,1111,presentacion:1205,100,1.87,186.76,1,100
495,156,1112,presentacion:1206,1,4.79,4.79,1,1
496,157,596,presentacion:754,750,121.03,90774.15,1,750
497,158,1107,presentacion:1198,100,19.5,1950,1,100
498,159,1113,presentacion:1207,3,22,66,1,3
499,159,70,presentacion:68,1,29,29,1,1
500,160,957,presentacion:1088,2,500,1000,7,14
501,161,957,presentacion:1194,2,2500,5000,30,60
502,162,596,presentacion:754,450,118.9,53505.09,1,450
503,163,913,presentacion:954,30,466.67,14000,1,30
504,164,957,presentacion:1194,5,2500,12500,30,150
505,165,987,presentacion:1035,5100,3.5,17850,1,5100
506,166,957,presentacion:1194,7,1785.71,12500,30,210
507,167,283,presentacion:284,500,19.5,9750,1,500
508,167,285,presentacion:288,300,52,15600,1,300
509,168,6,presentacion:5,12,3065,36780,20,240
510,169,913,presentacion:954,30,466.67,14000,1,30
511,170,957,presentacion:1194,8,2500,20000,30,240
512,171,987,presentacion:1035,1500,3.6,5400,1,1500
513,172,8,presentacion:10,240,70,16800,1,240
514,172,699,presentacion:706,160,110,17600,1,160
515,173,852,presentacion:892,30,300,9000,1,30
516,174,852,presentacion:892,30,300,9000,1,30
517,175,923,presentacion:965,10,143,1430,1,10
518,176,913,presentacion:954,30,466.67,14000,1,30
519,177,852,presentacion:892,30,300,9000,1,30
520,178,979,presentacion:1025,50,65,3250,1,50
521,178,781,presentacion:818,100,73,7300,1,100
522,178,289,presentacion:292,70,260,18200,1,70
523,179,70,presentacion:68,4,30,120,1,4
524,180,260,presentacion:261,40,7.61,304.4,1,40
525,180,1119,presentacion:1221,50,10.81,540.5,1,50
526,180,83,presentacion:82,50,9.58,479,1,50
527,180,41,presentacion:41,20,5.65,113,1,20
528,180,190,presentacion:192,20,8.27,165.4,1,20
529,180,171,presentacion:172,50,3.93,196.5,1,50
530,180,188,presentacion:187,50,9.24,462,1,50
531,180,1118,presentacion:1220,30,7.7,231,1,30
532,180,993,presentacion:1216,1,858.7,858.7,1,1
533,180,992,presentacion:1217,1,536.8,536.8,1,1
534,180,1117,presentacion:1219,50,95.59,4779.5,1,50
535,180,1116,presentacion:1218,50,163.55,8177.5,1,50
536,180,237,presentacion:238,80,95.32,7625.6,1,80
537,180,633,presentacion:638,80,202.41,16192.62,1,80
538,181,4,presentacion:1,2,4212.16,8424.32,20,40
539,181,6,presentacion:5,2,3212.82,6425.64,20,40
540,182,5,presentacion:3,18,4168,75024,40,720
541,182,7,presentacion:7,18,3168,57024,40,720
542,183,733,presentacion:740,100,252.98,25297.87,1,100
543,184,781,presentacion:818,75,73,5475,1,75
544,185,634,presentacion:639,30,5.16,154.8,1,30
545,185,680,presentacion:684,30,7.7,231,1,30
546,185,72,presentacion:70,40,4.34,173.6,1,40
547,185,44,presentacion:43,70,11.05,773.5,1,70
548,185,83,presentacion:82,40,9.58,383.2,1,40
549,185,190,presentacion:192,40,8.27,330.8,1,40
550,185,1123,presentacion:1226,30,4.75,142.5,1,30
551,185,1122,presentacion:1225,24,25.55,613.2,1,24
552,185,993,presentacion:1216,3,858.7,2576.1,1,3
553,185,992,presentacion:1217,4,536.8,2147.2,1,4
554,185,1121,presentacion:1224,13,45.86,596.18,1,13
555,185,156,presentacion:157,20,18.67,373.4,1,20
556,185,1126,presentacion:1228,30,55.28,1658.4,1,30
557,185,1117,presentacion:1219,10,95.59,955.9,1,10
558,185,1116,presentacion:1218,10,163.55,1635.5,1,10
559,185,1127,presentacion:1229,12,789.46,9473.48,1,12
560,186,8,presentacion:10,320,70,22400,1,320
561,187,852,presentacion:892,30,300,9000,1,30
562,188,852,presentacion:892,30,300,9000,1,30
563,189,852,presentacion:892,30,300,9000,1,30
564,190,852,presentacion:892,30,300,9000,1,30
565,191,852,presentacion:892,30,300,9000,1,30
566,192,852,presentacion:892,30,300,9000,1,30
567,193,852,presentacion:892,30,300,9000,1,30
568,194,852,presentacion:892,30,300,9000,1,30
569,195,987,presentacion:1035,5400,3.6,19440,1,5400
570,196,987,presentacion:1035,3635,3.6,13086,1,3635
571,197,703,presentacion:711,1,13000,13000,30,30
572,198,703,presentacion:711,1,1300,1300,30,30
573,199,1129,presentacion:1231,12,11.44,137.25,1,12
574,199,1130,presentacion:1232,12,22.13,265.6,1,12
575,199,1131,presentacion:1233,12,22.38,268.52,1,12
576,199,694,presentacion:698,84,30.23,2539.29,1,84
577,199,912,presentacion:953,24,19.23,461.59,1,24
578,199,1133,presentacion:1238,24,30.51,732.3,1,24
579,199,1109,presentacion:1200,5,107,534.99,1,5
580,199,1134,presentacion:1239,3,58.07,174.21,1,3
581,199,776,presentacion:806,3,53.43,160.29,1,3
582,199,278,presentacion:279,50,5.45,272.6,1,50
583,199,946,presentacion:990,2,583.73,1167.45,1,2
584,199,945,presentacion:989,2,2222.45,4444.89,1,2
585,200,5,presentacion:3,18,4168,75024,40,720
586,200,7,presentacion:7,6,3168,19008,40,240
587,200,6,presentacion:5,4,3168,12672,20,80
588,201,278,presentacion:279,50,4.5,225,1,50
589,202,987,presentacion:1035,2000,3.6,7200,1,2000
590,203,1135,presentacion:1241,3,90.52,271.56,1,3
591,203,1136,presentacion:1242,2,30.17,60.34,1,2
592,203,1137,presentacion:1243,4,14.66,58.64,1,4
593,203,176,presentacion:175,3,107.76,323.28,1,3
594,203,125,presentacion:124,2,90.52,181.04,1,2
595,203,950,presentacion:994,10,119.32,1193.2,1,10
596,204,1138,presentacion:1244,1,154.74,154.74,1,1
597,204,1139,presentacion:1245,1,195.43,195.43,1,1
598,204,1140,presentacion:1248,1,236.15,236.15,1,1
599,205,923,presentacion:1249,1,2000,2000,14,14
600,206,287,presentacion:290,500,19.5,9750,1,500
601,207,98,presentacion:100,30,3.51,105.44,1,30
602,207,190,presentacion:192,40,9.59,383.72,1,40
603,207,85,presentacion:84,40,17.01,680.24,1,40
604,208,51,presentacion:50,20,1.8,35.96,1,20
605,208,119,presentacion:119,20,2.88,57.53,1,20
606,208,642,presentacion:647,20,2.11,42.29,1,20
607,208,189,presentacion:189,20,2.25,45,1,20
608,208,84,presentacion:83,30,1.62,48.72,1,30
609,208,232,presentacion:232,30,92.52,2775.64,1,30
610,209,923,presentacion:1249,1,2000,2000,14,14
611,210,1132,presentacion:1237,1,5000,5000,30,30
612,211,1132,presentacion:1237,1,5000,5000,30,30
613,212,1132,presentacion:1237,30,166.67,5000,30,900
614,213,1132,presentacion:1237,30,166.67,5000,30,900
615,214,1132,presentacion:1237,30,166.67,5000,30,900
616,215,1132,presentacion:1237,30,166.67,5000,30,900
617,216,7,presentacion:7,26,3168,82368,40,1040
618,217,1141,presentacion:1250,26,4168,108368,40,1040
619,218,981,presentacion:1027,50,72,3600,1,50
620,219,285,presentacion:288,500,19.5,9750,1,500
621,219,1107,presentacion:1198,500,19.5,9750,1,500
622,219,286,presentacion:289,300,19.5,5850,1,300
623,220,995,presentacion:1051,59.8,37.63,2250.3,1,59.8
624,220,994,presentacion:1050,49.7,37.63,1870.23,1,49.7
625,220,27,presentacion:26,20,71.44,1428.89,1,20
626,220,152,presentacion:152,40,4.57,182.82,1,40
627,220,112,presentacion:111,40,4.77,190.7,1,40
628,220,960,presentacion:1005,20,25.59,511.79,1,20
629,221,1142,presentacion:1258,1,76.72,76.72,1,1
630,221,1143,presentacion:1259,1,159.48,159.48,1,1
631,221,1144,presentacion:1260,1,159.48,159.48,1,1
632,221,1145,presentacion:1261,1,159.48,159.48,1,1
633,221,1146,presentacion:1262,3,193.97,581.91,1,3
634,221,1147,presentacion:1263,1,1063.17,1063.17,1,1
635,222,1149,presentacion:1265,1,1950,1950,1,1
636,223,1148,presentacion:1264,1,9300,9300,30,30
637,224,1148,presentacion:1264,1,9300,9300,30,30
638,225,1148,presentacion:1264,1,9300,9300,30,30
639,226,1148,presentacion:1264,30,310,9300,30,900
640,227,1150,presentacion:1270,2,108,215.99,1,2
641,227,669,presentacion:673,100,6,599.72,1,100
642,227,683,presentacion:687,100,4.85,484.88,1,100
643,227,1151,presentacion:1271,10,1.6,16,1,10
644,227,1152,presentacion:1272,3,200.82,602.46,1,3
645,227,278,presentacion:279,50,5.45,272.6,1,50
646,227,1153,presentacion:1273,3,64.64,193.91,1,3
647,227,1154,presentacion:1274,2,67,134,1,2
648,227,1155,presentacion:1275,10,5.8,58,1,10
649,227,1156,presentacion:1276,10,14.4,144,1,10
650,227,1157,presentacion:1277,10,2.4,24,1,10
651,227,1158,presentacion:1278,10,13,129.99,1,10
652,227,1159,presentacion:1279,10,95.56,955.55,1,10
653,227,295,presentacion:303,25,24.52,613.11,1,25
654,227,294,presentacion:302,50,44.88,2243.9,1,50
655,228,596,presentacion:753,4,18676,74704,1,4
656,229,596,presentacion:753,4,18676,74704,1,4
657,230,1148,presentacion:1264,1,9300,9300,30,30
658,231,1148,presentacion:1264,1,9300,9300,30,30
659,232,1148,presentacion:1264,1,9300,9300,30,30
660,233,1148,presentacion:1264,1,9300,9300,30,30
661,234,1148,presentacion:1264,1,9300,9300,30,30
662,235,1148,presentacion:1264,1,9300,9300,30,30
663,236,1148,presentacion:1264,1,9300,9300,30,30
664,237,1148,presentacion:1264,1,9300,9300,30,30
665,238,1148,presentacion:1264,1,9300,9300,30,30
666,239,1148,presentacion:1264,1,9300,9300,30,30
667,240,913,presentacion:954,30,466.67,14000,1,30
668,241,992,presentacion:1217,3,591,1773,1,3
669,241,993,presentacion:1216,2,946,1892,1,2
670,241,70,presentacion:68,20,22,440,1,20
671,242,302,presentacion:309,16,12.07,193.12,1,16
672,242,304,presentacion:311,16,12.07,193.12,1,16
673,242,325,presentacion:332,20,3.45,69,1,20
674,242,327,presentacion:334,20,4.74,94.8,1,20
675,242,1161,presentacion:1282,20,6.9,138,1,20
676,242,1147,presentacion:1263,1,812.92,812.92,1,1
677,243,1162,presentacion:1283,28,283.32,7933,1,28
678,244,8,presentacion:10,280,50,14000,1,280
679,245,987,presentacion:1035,7500,3.75,28125,1,7500
680,246,923,presentacion:1249,1,2000,2000,14,14
681,247,8,presentacion:10,160,70,11200,1,160
682,248,1141,presentacion:1250,26,4170,108420,40,1040
683,249,853,presentacion:893,2,533.5,1067,1,2
684,250,1148,presentacion:1264,1,9300,9300,30,30
685,251,923,presentacion:965,7,142.86,1000,1,7
686,252,1148,presentacion:1264,1,9300,9300,30,30
687,253,1148,presentacion:1264,1,9300,9300,30,30
688,254,832,presentacion:872,1,425,425,1,1
689,255,1162,presentacion:1283,14,283.33,3966.62,1,14
690,256,987,presentacion:1035,2245,3.6,8082,1,2245
691,257,957,presentacion:1003,1,1000,1000,14,14
692,258,987,presentacion:1035,4500,3.6,16200,1,4500
693,259,987,presentacion:1035,1000,3.6,3600,1,1000
694,260,278,presentacion:279,100,5,500,1,100
695,261,781,presentacion:818,300,72,21600,1,300
696,261,782,presentacion:819,40,195,7800,1,40
697,261,1163,presentacion:1288,50,85,4250,1,50
698,261,980,presentacion:1026,50,85,4250,1,50
699,261,1079,presentacion:1161,20,75,1500,1,20
700,262,1148,presentacion:1264,1,9300,9300,30,30
701,263,1148,presentacion:1264,1,9300,9300,30,30
702,264,1148,presentacion:1264,1,9300,9300,30,30
703,265,987,presentacion:1042,6,3600,21600,1000,6000
704,266,923,presentacion:965,10,143,1430,1,10
705,267,780,presentacion:976,7,466.57,3266,1,7
706,268,152,presentacion:152,20,5,100,1,20
707,269,987,presentacion:1035,2020,3.61,7290,1,2020
708,270,987,presentacion:1035,5000,3.6,18000,1,5000
709,271,780,presentacion:976,0.5,466.66,233.33,1,0.5
710,272,923,presentacion:965,14,142.86,2000,1,14
711,273,8,presentacion:9,8,2800,22400,40,320
712,274,1165,presentacion:1293,20,35,700,1,20
713,274,676,presentacion:680,20,8,160,1,20
714,274,1167,presentacion:1294,20,8,160,1,20
715,274,1168,presentacion:1295,20,33,660,1,20
716,274,1169,presentacion:1296,20,3.3,66,1,20
717,275,1141,presentacion:1250,26,4100,106600,40,1040
718,275,7,presentacion:7,26,3150,81900,40,1040
719,276,1053,presentacion:1127,50,5.19,259.39,1,50
720,277,1170,presentacion:1297,2,89,177.99,1,2
721,277,151,presentacion:151,3,119.87,359.6,1,3
722,277,150,presentacion:150,3,119.87,359.6,1,3
723,278,780,presentacion:976,7,466.66,3266.62,1,7
724,279,987,presentacion:1042,7,3600,25200,1000,7000
725,280,1171,presentacion:1298,10,18.5,185,1,10
726,280,261,presentacion:266,35,22,770,1,35
727,280,278,presentacion:279,50,5,250,1,50
728,280,1172,presentacion:1299,20,35,700,1,20
729,280,1173,presentacion:1300,10,6.5,65,1,10
730,280,1174,presentacion:1301,20,3.3,66,1,20
731,280,668,presentacion:672,10,10,100,1,10
732,280,1175,presentacion:1302,20,7,140,1,20
733,280,676,presentacion:680,30,7.27,218,1,30
734,280,666,presentacion:671,10,17,170,1,10
735,281,41,presentacion:41,10,10.4,104,1,10
736,282,265,presentacion:264,35,10,350,1,35
737,283,987,presentacion:1035,5000,3.61,18036,1,5000
738,284,1176,presentacion:1304,15,13.2,198,1,15
739,284,1177,presentacion:1305,10,6.5,65,1,10
740,284,1103,presentacion:1190,10,8.9,89,1,10
741,285,987,presentacion:1042,5,3602.8,18014,1000,5000
742,286,957,presentacion:1185,14,71.43,1000,1,14
743,287,923,presentacion:965,14,142.86,2000,1,14
744,288,1141,presentacion:1250,2,8400,16800,40,80
745,289,1141,presentacion:1251,160,105,16800,1,160
746,290,987,presentacion:1035,3014,3.8,11453,1,3014
747,291,957,presentacion:1185,14,71.43,1000,1,14
748,292,957,presentacion:1185,14,71.43,1000,1,14
749,293,957,presentacion:1185,14,71.43,1000,1,14
750,294,957,presentacion:1185,14,71.43,1000,1,14
751,295,296,presentacion:304,8,34,272,1,8
752,296,1141,presentacion:1250,4,4100,16400,40,160
753,296,980,presentacion:1026,30,85,2550,1,30
754,297,4,presentacion:1,4,4100,16400,20,80
755,297,980,presentacion:1026,30,85,2550,1,30
756,298,4,presentacion:1,8,4100,32800,20,160
757,298,287,presentacion:290,500,22,11000,1,500
758,298,980,presentacion:1026,18,85,1530,1,18
759,299,951,presentacion:995,10,42.15,421.5,1,10
760,300,950,presentacion:994,6,17.24,103.44,1,6
761,300,1179,presentacion:1310,1,254.31,254.31,1,1
762,300,1101,presentacion:1188,12,21.55,258.6,1,12
763,300,80,presentacion:81,1,181.03,181.03,1,1
764,300,125,presentacion:124,3,90.52,271.56,1,3
765,300,126,presentacion:125,3,76.72,230.16,1,3
766,300,1180,presentacion:1311,6,24.14,144.84,1,6
767,300,1181,presentacion:1312,2,50.86,101.72,1,2
768,300,1183,presentacion:1314,2,56.03,112.06,10,20
769,300,1184,presentacion:1315,2,59.48,118.96,10,20
770,300,1185,presentacion:1316,2,59.48,118.96,10,20
771,300,1182,presentacion:1313,2,205.65,411.3,5,10
772,301,1178,presentacion:1309,1,11000,11000,30,30
773,302,957,presentacion:1003,1,1000,1000,14,14
774,303,957,presentacion:1003,1,1000,1000,14,14
775,304,957,presentacion:1003,1,1000,1000,14,14
776,305,4,presentacion:1,4,4100,16400,20,80
777,306,558,presentacion:555,100,0.8,80,1,100
778,307,4,presentacion:1,4,4100,16400,20,80
779,308,780,presentacion:976,5,466.6,2333,1,5
780,309,987,presentacion:1042,10,3601.4,36014,1000,10000
781,310,4,presentacion:1,4,4100,16400,20,80
782,311,1186,presentacion:1331,3,500,1500,1,3
783,312,1141,presentacion:1250,18,4200,75600,40,720
784,313,296,presentacion:304,5,34,170,1,5
785,314,1149,presentacion:1265,2,2240,4480,1,2
786,315,8,presentacion:9,8,2800,22400,40,320
787,316,112,presentacion:111,40,7,280,1,40
788,316,152,presentacion:152,40,7,280,1,40
789,317,269,presentacion:270,2,90,180,1,2
790,318,1134,presentacion:1239,10,58,580,1,10
791,318,1188,presentacion:1338,15,22.39,335.82,1,15
792,318,1109,presentacion:1200,10,112.5,1124.97,1,10
793,318,295,presentacion:303,25,24.27,606.71,1,25
794,318,293,presentacion:301,50,25.57,1278.6,1,50
795,319,936,presentacion:980,7,1000,7000,7,49
796,320,987,presentacion:1042,2,3803.8,7607.6,1000,2000
797,321,853,presentacion:893,1,533.33,533.33,1,1
798,322,913,presentacion:954,30,483.33,14500,1,30
799,323,1141,presentacion:1250,32,4281.56,137009.92,40,1280
800,324,1186,presentacion:1331,2,500,1000,1,2
801,325,987,presentacion:1042,5,7200,36000,1000,5000
802,326,1056,presentacion:1135,1,1900,1900,1,1
803,327,1056,presentacion:1135,1,1900,1900,1,1
804,328,1056,presentacion:1135,1,1926,1926,1,1
805,329,8,presentacion:9,8,2800,22400,40,320
806,330,7,presentacion:7,26,3100,80600,40,1040
807,331,987,presentacion:1042,1,3807,3807,1000,1000
808,332,987,presentacion:1042,10,3601.4,36014,1000,10000
809,333,987,presentacion:1042,10,3600,36000,1000,10000
810,334,987,presentacion:1042,10,3600,36000,1000,10000
811,335,987,presentacion:1035,1802,3.8,6847.6,1,1802
812,336,987,presentacion:1035,1338,3.8,5084,1,1338
813,337,957,presentacion:1003,2,1000,2000,14,28
814,338,923,presentacion:1249,1,2000,2000,14,14
815,339,957,presentacion:1194,1,2000,2000,30,30
816,340,957,presentacion:1088,1,500,500,7,7
817,341,780,presentacion:975,1,3266,3266,7,7
818,342,1178,presentacion:1345,4,366.67,1466.68,1,4
819,343,1178,presentacion:1345,4,366.5,1466,1,4
820,344,1141,presentacion:1250,26,4170,108420,40,1040
821,344,906,presentacion:947,300,22,6600,1,300
822,344,1189,presentacion:1346,100,22,2200,1,100
823,345,733,presentacion:740,100,228.45,22844.82,1,100
824,345,289,presentacion:292,100,311.55,31155.16,1,100
825,346,780,presentacion:975,1,3266.62,3266.62,7,7
826,347,1178,presentacion:1309,4,11000,44000,30,120
827,348,957,presentacion:1088,1,500,500,7,7
828,349,987,presentacion:1035,6476,3.8,24608.8,1,6476
829,350,269,presentacion:1347,4,109,436,1,4
830,351,853,presentacion:893,2,550,1100,1,2
831,352,261,presentacion:266,7,24,168,1,7
832,353,70,presentacion:68,41,24,984,1,41
833,354,173,presentacion:173,6,64,384,1,6
834,355,852,presentacion:892,1,310,310,1,1
835,356,980,presentacion:1026,80,112,8960,1,80
836,357,1141,presentacion:1250,26,4200,109200,40,1040
837,357,6,presentacion:5,10,3150,31500,20,200
838,358,913,presentacion:1201,1,14500,14500,14,14
839,359,780,presentacion:976,4,466.66,1866.64,1,4
840,360,987,presentacion:1042,7,3743.94,26207.6,1000,7000
841,361,284,presentacion:287,186,25,4650,1,186
842,362,987,presentacion:1042,6,3598.8,21592.8,1000,6000
843,363,913,presentacion:954,30,483.33,14500,1,30
844,364,780,presentacion:976,1,233.33,233.33,1,1
845,365,780,presentacion:976,3,310,930,1,3
846,366,1141,presentacion:1250,4,4200,16800,40,160
847,366,1021,presentacion:1081,40,22,880,1,40
848,367,1141,presentacion:1250,6,4200,25200,40,240
849,367,7,presentacion:7,6,3200,19200,40,240
850,368,596,presentacion:753,3,19948.52,59845.56,1,3
851,368,284,presentacion:287,528,23.2,12249.6,1,528
852,369,244,presentacion:245,50,9.41,470.5,1,50
853,369,261,presentacion:266,50,15.47,773.5,1,50
854,369,70,presentacion:68,50,18.34,917,1,50
855,369,41,presentacion:41,30,6.3,189,1,30
856,369,171,presentacion:172,50,5.16,258,1,50
857,369,233,presentacion:234,30,8.84,265.2,1,30
858,369,224,presentacion:223,50,9.01,450.5,1,50
859,369,156,presentacion:157,50,23.59,1179.5,1,50
860,369,269,presentacion:1347,30,95.04,2851.2,1,30
861,369,633,presentacion:638,30,239.67,7190.1,1,30
862,369,16,presentacion:19,30,23.26,697.8,1,30
863,369,173,presentacion:173,40,100.01,4000.59,1,40
864,370,1193,presentacion:1353,1,19618.85,19618.85,53,53
865,371,780,presentacion:976,2.5,466.66,1166.65,1,2.5
866,372,987,presentacion:1042,10,3601.44,36014.4,1000,10000
867,373,8,presentacion:10,80,73.75,5900,1,80
868,374,1141,presentacion:1250,20,4230,84600,40,800
869,374,7,presentacion:7,16,3220,51520,40,640
870,375,1178,presentacion:1309,1,11000,11000,30,30
871,376,1178,presentacion:1309,1,11000,11000,30,30
872,377,1178,presentacion:1309,1,11500,11500,30,30
873,378,852,presentacion:892,3,310,930,1,3
874,379,8,presentacion:9,4,5600,22400,40,160
875,380,8,presentacion:9,4,2800,11200,40,160
876,381,852,presentacion:892,3,310,930,1,3
877,382,715,presentacion:723,40,9,360,1,40
878,382,1194,presentacion:1356,1,510,510,1,1
879,383,1178,presentacion:1309,1,11000,11000,30,30
880,384,780,presentacion:976,7,466.66,3266.62,1,7
881,385,987,presentacion:1042,5,3604.32,18021.6,1000,5000
882,386,780,presentacion:975,1,3266.62,3266.62,7,7
883,387,4,presentacion:1,36,4130,148680,20,720
884,388,705,presentacion:713,40,8,320,1,40
885,389,852,presentacion:892,30,310,9300,1,30
886,390,780,presentacion:976,1,466.66,466.66,1,1
887,391,936,presentacion:980,7,1000,7000,7,49
888,391,936,presentacion:996,1,2000,2000,14,14
889,392,987,presentacion:1042,8,3603.5,28828,1000,8000
890,393,987,presentacion:1042,4,3601.8,14407.2,1000,4000
891,394,8,presentacion:9,4,2800,11200,40,160
892,395,1193,presentacion:1353,2,19337.3,38674.6,53,106
893,395,735,presentacion:741,30,1831.57,54947.11,1,30
894,396,287,presentacion:290,500,22.5,11250,1,500
895,396,1195,presentacion:1362,20,220,4400,1,20
896,397,1196,presentacion:1363,6,71.94,431.61,1,6
897,397,293,presentacion:301,25,32.7,817.46,1,25
898,398,1197,presentacion:1364,5,50.43,252.16,1,5
899,398,1198,presentacion:1365,5,34.91,174.57,1,5
900,398,1199,presentacion:1366,5,46.66,233.29,1,5
901,399,987,presentacion:1042,5010,3.6,18036,1000,5010000
902,400,987,presentacion:1035,5010,3.6,18036,1,5010
903,401,1141,presentacion:1250,8,4230,33840,40,320
904,401,1200,presentacion:1371,30,23,690,1,30
905,401,1201,presentacion:1372,70,23,1610,1,70
906,401,1202,presentacion:1373,21,23,483,1,21
907,402,987,presentacion:1035,1250,3.6,4500,1,1250
908,403,987,presentacion:1035,4047,3.6,14569.2,1,4047
909,404,987,presentacion:1035,4000,3.64,14569.2,1,4000
910,405,852,presentacion:892,30,300,9000,1,30
911,406,987,presentacion:1035,12036,3.6,43329.6,1,12036
912,407,1141,presentacion:1250,25,4230,105750,40,1000
913,408,1141,presentacion:1250,1,4230,4230,40,40
914,409,1203,presentacion:1375,1,139,139,1,1
915,409,1204,presentacion:1376,1,309,309,1,1
916,410,7,presentacion:7,26,3280,85280,40,1040
917,411,780,presentacion:975,1,1677.6,1677.6,7,7
918,412,987,presentacion:1035,466,3.6,1677,1,466
919,413,780,presentacion:975,1,3266.6,3266.6,7,7
920,414,852,presentacion:892,30,310,9300,1,30
921,415,936,presentacion:980,3,1000,3000,7,21
922,416,8,presentacion:9,4,2800,11200,40,160
923,417,913,presentacion:954,30,466.67,14000,1,30
924,418,913,presentacion:954,30,466.67,14000,1,30
925,419,1138,presentacion:1244,1,133.4,133.4,1,1
926,419,1139,presentacion:1245,1,168.48,168.48,1,1
927,419,1140,presentacion:1248,1,284.45,284.45,1,1
928,420,288,presentacion:291,100,132.04,13204.25,1,100
929,420,289,presentacion:292,50,283.83,14191.45,1,50
930,420,697,presentacion:700,100,132.04,13204.25,1,100
931,420,733,presentacion:740,50,272.6,13630,1,50
932,420,284,presentacion:287,578,24.19,13980.3,1,578
933,421,1120,presentacion:1223,30,333.33,10000,1,30
934,422,780,presentacion:976,10,466.66,4666.6,1,10
935,423,594,presentacion:755,2.5,19604,49010,84,210
936,423,596,presentacion:753,4.9,19604,96059.6,1,4.9
937,424,1184,presentacion:1330,20,5.95,118.96,1,20
938,424,1183,presentacion:1329,20,5.63,112.6,1,20
939,424,1185,presentacion:1328,20,5.95,118.96,1,20
940,424,1205,presentacion:1383,20,7.93,158.62,1,20
941,424,1182,presentacion:1327,10,9.31,93.1,1,10
942,424,1206,presentacion:1385,4,59.48,237.92,1,4
943,424,1207,presentacion:1386,4,82.45,329.79,1,4
944,425,124,presentacion:123,6,16.38,98.28,1,6
945,425,1208,presentacion:1387,6,30.17,181.02,1,6
946,425,1146,presentacion:1262,8,193.97,1551.76,1,8
947,425,1147,presentacion:1263,1,987.96,987.96,1,1
948,426,189,presentacion:189,30,2.16,64.8,1,30
949,426,193,presentacion:195,30,2.24,67.2,1,30
950,426,81,presentacion:79,30,0.69,20.7,1,30
951,426,89,presentacion:88,40,1.12,44.8,1,40
952,426,203,presentacion:203,20,5.73,114.6,1,20
953,426,123,presentacion:122,20,10.56,211.2,1,20
954,426,993,presentacion:1216,9,910.3,8192.7,1,9
955,426,160,presentacion:160,30,51.89,1556.73,1,30
956,427,1109,presentacion:1200,15,129.29,1939.4,1,15
957,427,954,presentacion:999,50,8.25,412.5,1,50
958,427,1029,presentacion:1094,15,76.79,1151.88,1,15
959,427,942,presentacion:986,20,52.58,1051.66,1,20
960,427,293,presentacion:301,25,26.67,666.71,1,25
961,427,296,presentacion:304,25,26.67,666.71,1,25
962,428,1209,presentacion:1388,1,165,165,1,1
963,429,780,presentacion:976,3,466.66,1399.98,1,3
964,430,1211,presentacion:1390,30,23,690,1,30
965,431,1210,presentacion:1389,1,645,645,1,1
966,432,957,presentacion:1185,60,83.33,5000,1,60
967,433,594,presentacion:620,126,233.38,29406,1,126
968,433,1193,presentacion:1353,1,19604,19604,53,53
969,434,987,presentacion:1035,6500,3.6,23400,1,6500
970,435,703,presentacion:711,1,8400,8400,30,30
971,436,957,presentacion:1194,3,2700,8100,30,90
972,437,957,presentacion:1194,1,2900,2900,30,30
973,438,923,presentacion:965,30,173.33,5200,1,30
974,439,703,presentacion:1038,1,8400,8400,30,30
975,439,703,presentacion:711,1,8300,8300,30,30
976,440,703,presentacion:844,30,276.67,8300,1,30
977,441,987,presentacion:1035,6802,3.6,24487.2,1,6802
978,442,8,presentacion:10,160,70,11200,1,160
979,443,1132,presentacion:1237,1,5300,5300,30,30
980,444,558,presentacion:555,300,0.8,240,1,300
981,445,596,presentacion:753,3.88,19583.79,75985.1,1,3.88
982,446,782,presentacion:819,50,170,8500,1,50
983,446,1202,presentacion:1373,100,23,2300,1,100
984,446,1189,presentacion:1346,100,23,2300,1,100
985,446,1201,presentacion:1372,10,23,230,1,10
986,447,987,presentacion:1035,10406,3.6,37461.6,1,10406
987,448,780,presentacion:976,2,466.67,933.33,1,2
988,449,254,presentacion:255,3,5,15,1,3
989,450,923,presentacion:965,30,150,4500,1,30
990,451,663,presentacion:668,6,18.97,113.82,1,6
991,451,125,presentacion:124,6,90.52,543.12,1,6
992,451,126,presentacion:125,6,76.72,460.32,1,6
993,451,110,presentacion:109,4,171.55,686.2,1,4
994,451,1214,presentacion:1402,4,185.34,741.36,1,4
995,451,178,presentacion:178,4,236.79,947.17,1,4
996,452,296,presentacion:304,25,24.14,603.5,1,25
997,452,880,presentacion:920,12,26.05,312.6,1,12
998,453,723,presentacion:794,2,1451.66,2903.31,100,200
999,454,292,presentacion:300,25,44.44,1111,1,25
1000,455,723,presentacion:730,200,14.52,2903.31,1,200
1001,456,723,presentacion:730,100,12.51,1251.43,1,100
1002,456,1215,presentacion:1403,10,383.34,3833.35,1,10
1003,457,1141,presentacion:1250,36,4280,154080,40,1440
1004,458,703,presentacion:711,30,486.67,14600,30,900
1005,459,67,presentacion:66,40,21.53,861.2,1,40
1006,459,254,presentacion:255,30,1.39,41.7,1,30
1007,459,956,presentacion:1001,30,5.57,167.1,1,30
1008,459,112,presentacion:111,30,5.16,154.8,1,30
1009,459,84,presentacion:83,30,1.47,44.1,1,30
1010,459,673,presentacion:676,30,10.94,328.31,1,30
1011,460,7,presentacion:7,4,3370,13480,40,160
1012,461,780,presentacion:976,3.5,466.66,1633.31,1,3.5
1013,462,703,presentacion:711,1,14600,14600,30,30
1014,463,780,presentacion:976,14,466.66,6533.24,1,14
1015,464,987,presentacion:1035,7002,3.6,25207.2,1,7002
1016,465,1216,presentacion:1406,1,1096,1096,1,1
1017,466,1217,presentacion:1407,3,22,66,1,3
1018,467,7,presentacion:7,4,3415,13660,40,160
1019,468,596,presentacion:753,3.49,19604,68417.96,1,3.49
1020,468,594,presentacion:755,2.01,19604,39404.04,84,168.84
1021,469,8,presentacion:9,4,2800,11200,40,160
1022,470,594,presentacion:755,2.53,19604,49598.12,84,212.52
1023,470,596,presentacion:753,2.11,19604,41364.44,1,2.11
1024,471,284,presentacion:287,734,24.2,17760,1,734
1025,472,852,presentacion:892,30,310,9300,1,30
1026,473,7,presentacion:7,4,3470,13880,40,160
1027,474,987,presentacion:1035,1020,3.6,3672,1,1020
1028,475,8,presentacion:9,21,2780,58380,40,840
1029,476,913,presentacion:1201,1,15250,15250,14,14
1030,477,703,presentacion:711,1,14600,14600,30,30
1031,478,987,presentacion:1042,3,3600,10800,1000,3000
1032,479,231,presentacion:231,2,119.83,239.66,1,2
1033,479,228,presentacion:228,1,1422.41,1422.41,1,1
1034,479,1219,presentacion:1411,2,73.28,146.56,1,2
1035,479,29,presentacion:28,1,1245.69,1245.69,1,1
1036,479,1220,presentacion:1412,6,33.62,201.72,1,6
1037,479,86,presentacion:86,2,818.97,1637.94,1,2
1038,479,90,presentacion:93,2,64.66,129.32,1,2
1039,479,1221,presentacion:1413,1,99.14,99.14,1,1
1040,479,231,presentacion:231,2,111.21,222.42,1,2
1041,479,1180,presentacion:1311,12,24.14,289.68,1,12
1042,479,1222,presentacion:1414,12,23.89,286.68,1,12
1043,479,1223,presentacion:1415,3,142.24,426.72,1,3
1044,479,1207,presentacion:1386,2,42.24,84.48,1,2
1045,479,1224,presentacion:1416,12,17.24,206.88,1,12
1046,479,1147,presentacion:1263,1,599.14,599.14,1,1
1047,480,1226,presentacion:1417,1,8.62,8.62,1,1
1048,480,1227,presentacion:1418,10,12.93,129.3,1,10
1049,480,1228,presentacion:1419,10,15.52,155.2,1,10
1050,480,1229,presentacion:1420,10,146.66,1466.61,1,10
1051,481,987,presentacion:1035,6006,3.6,21621.6,1,6006
1052,482,1216,presentacion:1406,1,1096,1096,1,1
1053,482,1218,presentacion:1409,1,42,42,1,1
1054,483,6,presentacion:5,3,3400,10200,20,60
1055,484,4,presentacion:1,16,4303,68848,20,320
1056,484,6,presentacion:5,20,3280,65600,20,400
1057,485,987,presentacion:1035,1000,3.6,3600,1,1000
1058,486,44,presentacion:43,30,3.99,119.72,1,30
1059,486,72,presentacion:70,30,5.6,168.08,1,30
1060,486,257,presentacion:259,30,3.42,102.66,1,30
1061,487,250,presentacion:251,30,3.99,119.71,1,30
1062,487,83,presentacion:82,30,5.6,168.08,1,30
1063,487,257,presentacion:259,30,3.42,102.66,1,30
1064,488,703,presentacion:711,1,14600,14600,30,30
1065,489,987,presentacion:1035,6002,3.6,21607.2,1,6002
1066,490,980,presentacion:1422,15,142,2130,1,15
1067,491,1216,presentacion:1406,1,1096,1096,1,1
1068,492,780,presentacion:976,2,466.67,933.33,1,2
1069,493,987,presentacion:1035,6010,3.6,21636,1,6010
1070,494,987,presentacion:1042,2,3600,7200,1000,2000
1071,495,510,presentacion:517,15,7.41,111.15,1,15
1072,495,975,presentacion:1021,15,11.79,176.85,1,15
1073,495,977,presentacion:1023,15,15.92,238.8,1,15
1074,495,512,presentacion:518,15,8.78,131.7,1,15
1075,495,584,presentacion:590,10,25.64,256.4,1,10
1076,495,578,presentacion:584,10,16.02,160.2,1,10
1077,495,978,presentacion:1024,10,27.4,274,1,10
1078,495,617,presentacion:621,41,1.98,81,1,41
1079,495,610,presentacion:614,150,0.56,84.5,1,150
1080,495,614,presentacion:617,102,0.8,82,1,102
1081,495,615,presentacion:618,91,0.9,82,1,91
1082,495,1057,presentacion:1138,100,0.42,41.7,1,100
1083,495,602,presentacion:606,100,0.28,28,1,100
1084,495,606,presentacion:610,100,0.62,61.5,1,100
1085,495,592,presentacion:599,50,0.51,25.5,1,50
1086,495,604,presentacion:608,50,0.02,1,1,50
1087,495,1060,presentacion:1141,50,0.02,1,1,50
1088,496,936,presentacion:1341,1,1000,1000,3.5,3.5
1089,497,936,presentacion:1341,1,1000,1000,3.5,3.5
1090,498,957,presentacion:1194,1,4500,4500,30,30
1091,499,703,presentacion:711,1,14600,14600,30,30
1092,500,987,presentacion:1035,6000,3.6,21600,1,6000
1093,501,4,presentacion:1,26,4300,111800,20,520
1094,501,6,presentacion:5,10,3280,32800,20,200
1095,502,853,presentacion:893,1,566.66,566.66,1,1
1096,503,1200,presentacion:1371,100,23,2300,1,100
1097,503,1079,presentacion:1161,20,65,1300,1,20
1098,503,287,presentacion:290,500,22.5,11250,1,500
1099,504,780,presentacion:976,7,466.66,3266.62,1,7
1100,505,853,presentacion:893,1,566.66,566.66,1,1
1101,506,987,presentacion:1035,1518,3.6,5464.8,1,1518
1102,507,1056,presentacion:1134,30,310,9300,1,30
1103,508,780,presentacion:975,1,3266,3266,7,7
1104,509,8,presentacion:9,21,2780,58380,40,840
1105,510,1141,presentacion:1250,6,4400,26400,40,240
1106,510,6,presentacion:5,6,3400,20400,20,120
1107,511,283,presentacion:284,200,23,4600,1,200
1108,512,1193,presentacion:1435,1342,19.37,25996.76,1,1342
1109,512,1232,presentacion:1433,4162,19.37,80625.5,1,4162
1110,513,594,presentacion:755,4.9,18776.61,92005.4,84,411.6
1111,513,284,presentacion:287,961,24.13,23188,1,961
1112,514,1141,presentacion:1250,20,4400,88000,40,800
1113,514,7,presentacion:7,16,3400,54400,40,640
1114,515,296,presentacion:304,100,28.54,2853.6,1,100
1115,516,293,presentacion:301,100,28,2800.24,1,100
1116,517,1054,presentacion:1129,17,80,1360,1,17
1117,518,1234,presentacion:1436,1,550,550,1,1
1118,519,853,presentacion:893,3,566.66,1699.98,1,3
1119,520,1162,presentacion:1283,1.5,300,450,1,1.5
1120,521,780,presentacion:976,3,466.66,1399.98,1,3
1121,522,1054,presentacion:1129,5,80,400,1,5
1122,523,1141,presentacion:1250,18,4300,77400,40,720
1123,523,7,presentacion:7,18,3450,62100,40,720
1124,524,987,presentacion:1035,1004,3.65,3664.6,1,1004
1125,525,987,presentacion:1035,4506,3.65,16446.9,1,4506
1126,526,853,presentacion:893,2,566.66,1133.32,1,2
1127,527,923,presentacion:965,16,150,2400,1,16
1128,528,1054,presentacion:1129,50,28.54,1426.8,1,50
1129,529,293,presentacion:301,50,28,1400,1,50
1130,529,295,presentacion:303,50,28,1400.12,1,50
1131,530,287,presentacion:290,500,22.5,11250,1,500
1132,530,1211,presentacion:1390,80,23,1840,1,80
1133,531,923,presentacion:965,30,173.33,5200,1,30
1134,532,923,presentacion:965,16,150,2400,1,16
1135,533,957,presentacion:1185,30,173.33,5200,1,30
1136,534,853,presentacion:893,3,566.66,1699.98,1,3
1137,535,1236,presentacion:1439,1,93,93,1,1
1138,535,1237,presentacion:1440,1,31,31,1,1
1139,536,781,presentacion:818,100,78,7800,1,100
1140,537,1141,presentacion:1250,26,4305,111930,40,1040
1141,538,1238,presentacion:1442,150,28,4200,1,150
1142,539,780,presentacion:976,4,466.66,1866.64,1,4
1143,540,780,presentacion:976,7,466.66,3266.62,1,7
1144,541,1194,presentacion:1356,1,562,562,1,1
1145,541,1239,presentacion:1443,1,813,813,1,1
1146,541,1171,presentacion:1298,2,18,36,1,2
1147,541,1240,presentacion:1444,1,36,36,1,1
1148,541,1241,presentacion:1445,11,40,440,1,11
1149,542,8,presentacion:9,21,2780,58380,40,840
1150,543,780,presentacion:976,2,466.66,933.32,1,2
1151,544,780,presentacion:976,3,466.66,1399.98,1,3
1152,545,780,presentacion:976,2,466.66,933.32,1,2
1153,546,852,presentacion:1203,1,11500,11500,30,30
1154,547,1242,presentacion:1446,2,50,100,1,2
1155,547,232,presentacion:232,5,273,1365,1,5
1156,548,1162,presentacion:1283,30,300,9000,1,30
1157,549,781,presentacion:818,100,78,7800,1,100
1158,549,1243,presentacion:1448,60,23,1380,1,60
1159,550,987,presentacion:1035,6000,3.65,21900,1,6000
1160,551,853,presentacion:893,1.5,566.66,849.99,1,1.5
1161,552,735,presentacion:741,20,1908.94,38178.85,1,20
1162,553,1238,presentacion:1442,90,28,2520,1,90
1163,554,7,presentacion:7,22,3340,73480,40,880
1164,555,987,presentacion:1035,2500,3.65,9125,1,2500
1165,556,289,presentacion:292,30,295,8850,1,30
1166,556,1244,presentacion:1456,40,23,920,1,40
1167,556,781,presentacion:818,200,81.4,16280,1,200
1168,557,987,presentacion:1035,4500,3.65,16425,1,4500
