product_legacy_id,branch_legacy_id,qty
2,branch:default,4
3,branch:default,1
4,branch:default,0
5,branch:default,527
6,branch:default,0
7,branch:default,850
8,branch:default,615
9,branch:default,5
10,branch:default,8
11,branch:default,5
12,branch:default,5
13,branch:default,10
14,branch:default,1
15,branch:default,3
16,branch:default,38
17,branch:default,1
18,branch:default,0
19,branch:default,0
20,branch:default,10
21,branch:default,3
22,branch:default,10
23,branch:default,2
24,branch:default,10
25,branch:default,7
26,branch:default,2
27,branch:default,27
28,branch:default,8
29,branch:default,0
30,branch:default,3
31,branch:default,20
32,branch:default,6
33,branch:default,27
34,branch:default,1
35,branch:default,6
36,branch:default,0
37,branch:default,4
38,branch:default,0
39,branch:default,10
40,branch:default,2
41,branch:default,30
42,branch:default,4
43,branch:default,1
44,branch:default,50
45,branch:default,6
46,branch:default,10
47,branch:default,2
48,branch:default,6
49,branch:default,9
50,branch:default,0
51,branch:default,22
52,branch:default,8
53,branch:default,2
54,branch:default,4
55,branch:default,27
56,branch:default,1
57,branch:default,2
58,branch:default,0
59,branch:default,1
60,branch:default,0
61,branch:default,6
62,branch:default,0
63,branch:default,4
64,branch:default,2
65,branch:default,36
66,branch:default,35
67,branch:default,40
68,branch:default,-3
69,branch:default,2
70,branch:default,29
71,branch:default,2
72,branch:default,4
73,branch:default,0
74,branch:default,38
75,branch:default,1
76,branch:default,1
77,branch:default,2
78,branch:default,8
79,branch:default,10
80,branch:default,2
81,branch:default,30
82,branch:default,7
83,branch:default,116
84,branch:default,29
85,branch:default,40
86,branch:default,2
87,branch:default,10
88,branch:default,1
89,branch:default,29
90,branch:default,2
91,branch:default,0
92,branch:default,1
93,branch:default,9
94,branch:default,3
95,branch:default,3
96,branch:default,10
97,branch:default,2
98,branch:default,40
99,branch:default,2
100,branch:default,0
101,branch:default,2
102,branch:default,2
103,branch:default,3
104,branch:default,8
105,branch:default,1
106,branch:default,2
107,branch:default,1
108,branch:default,4
109,branch:default,9
110,branch:default,3
111,branch:default,0
112,branch:default,25
113,branch:default,3
114,branch:default,1
115,branch:default,9
116,branch:default,1
117,branch:default,1
118,branch:default,0
119,branch:default,28
120,branch:default,1
121,branch:default,0
122,branch:default,27
123,branch:default,29
124,branch:default,5
125,branch:default,7
126,branch:default,5
127,branch:default,0
128,branch:default,9
129,branch:default,2
130,branch:default,5
131,branch:default,19
132,branch:default,3
133,branch:default,10
134,branch:default,4
135,branch:default,1
136,branch:default,8
137,branch:default,0
138,branch:default,9
139,branch:default,3
140,branch:default,3
141,branch:default,6
142,branch:default,3
143,branch:default,2
144,branch:default,3
145,branch:default,8
146,branch:default,11
147,branch:default,0
148,branch:default,3
149,branch:default,10
150,branch:default,3
151,branch:default,2
152,branch:default,18
153,branch:default,6
154,branch:default,3
155,branch:default,3
156,branch:default,41
157,branch:default,3
158,branch:default,3
159,branch:default,3
160,branch:default,40
161,branch:default,10
162,branch:default,-1
163,branch:default,2
164,branch:default,1
165,branch:default,9
166,branch:default,6
167,branch:default,1
168,branch:default,45
169,branch:default,0
170,branch:default,2
171,branch:default,42
172,branch:default,0
173,branch:default,41
174,branch:default,0
175,branch:default,11
176,branch:default,0
177,branch:default,0
178,branch:default,4
179,branch:default,0
180,branch:default,2
181,branch:default,9
182,branch:default,0
183,branch:default,2
184,branch:default,2
185,branch:default,10
186,branch:default,2
187,branch:default,1
188,branch:default,12
189,branch:default,32
190,branch:default,63
191,branch:default,3
192,branch:default,2
193,branch:default,7
194,branch:default,42
195,branch:default,2
196,branch:default,60
197,branch:default,3
198,branch:default,85
199,branch:default,9
200,branch:default,3
201,branch:default,-100
202,branch:default,3
203,branch:default,30
204,branch:default,50
205,branch:default,3
206,branch:default,0
207,branch:default,1
208,branch:default,2
209,branch:default,0
210,branch:default,0
211,branch:default,10
212,branch:default,5
213,branch:default,0
214,branch:default,1
215,branch:default,10
216,branch:default,2
217,branch:default,0
218,branch:default,10
219,branch:default,3
220,branch:default,5
221,branch:default,1
222,branch:default,27
223,branch:default,1
224,branch:default,48
225,branch:default,1
226,branch:default,6
227,branch:default,0
228,branch:default,1
229,branch:default,10
230,branch:default,7
231,branch:default,6
232,branch:default,0
233,branch:default,36
234,branch:default,24
235,branch:default,0
236,branch:default,3
237,branch:default,49
238,branch:default,10
239,branch:default,5
240,branch:default,12
241,branch:default,25
242,branch:default,0
243,branch:default,3
244,branch:default,47
245,branch:default,0
246,branch:default,10
247,branch:default,0
248,branch:default,10
249,branch:default,10
250,branch:default,40
251,branch:default,5
252,branch:default,8
253,branch:default,500
254,branch:default,33
255,branch:default,11
256,branch:default,1
257,branch:default,30
258,branch:default,-7
259,branch:default,100
260,branch:default,16
261,branch:default,45
262,branch:default,25
263,branch:default,1
264,branch:default,21
265,branch:default,9
266,branch:default,8
267,branch:default,25
268,branch:default,25
269,branch:default,12
270,branch:default,12
271,branch:default,20
272,branch:default,1
273,branch:default,0
274,branch:default,20
275,branch:default,25
276,branch:default,10
277,branch:default,0
278,branch:default,44
279,branch:default,15
280,branch:default,100
281,branch:default,63
282,branch:default,198
283,branch:default,239
284,branch:default,509
285,branch:default,529
286,branch:default,95
287,branch:default,327
288,branch:default,66
289,branch:default,65
290,branch:default,2
291,branch:default,24
292,branch:default,22
293,branch:default,57
294,branch:default,25
295,branch:default,81
296,branch:default,48
297,branch:default,2
298,branch:default,25
299,branch:default,0
300,branch:default,11
301,branch:default,111
302,branch:default,3
303,branch:default,0
304,branch:default,20
305,branch:default,0
306,branch:default,2
307,branch:default,8
308,branch:default,5
309,branch:default,19
310,branch:default,0
311,branch:default,5
312,branch:default,25
313,branch:default,943
314,branch:default,25
315,branch:default,22
316,branch:default,21
317,branch:default,14
318,branch:default,1
319,branch:default,100
320,branch:default,20
321,branch:default,100
322,branch:default,23
323,branch:default,22
324,branch:default,100
325,branch:default,17
326,branch:default,100
327,branch:default,20
328,branch:default,100
329,branch:default,1
330,branch:default,100
331,branch:default,0
332,branch:default,100
333,branch:default,8
334,branch:default,4
335,branch:default,2
336,branch:default,100
337,branch:default,180
338,branch:default,200
339,branch:default,98
340,branch:default,100
341,branch:default,150
342,branch:default,150
343,branch:default,100
344,branch:default,150
345,branch:default,100
346,branch:default,100
347,branch:default,200
348,branch:default,200
349,branch:default,200
350,branch:default,1
351,branch:default,20
352,branch:default,20
353,branch:default,20
354,branch:default,20
355,branch:default,20
356,branch:default,20
357,branch:default,20
358,branch:default,20
359,branch:default,20
360,branch:default,20
361,branch:default,15
362,branch:default,20
363,branch:default,21
364,branch:default,20
365,branch:default,20
366,branch:default,20
367,branch:default,19
368,branch:default,20
369,branch:default,20
370,branch:default,20
371,branch:default,20
372,branch:default,20
373,branch:default,20
374,branch:default,20
375,branch:default,19
376,branch:default,20
377,branch:default,20
378,branch:default,20
379,branch:default,20
380,branch:default,17
381,branch:default,18
382,branch:default,20
383,branch:default,24
384,branch:default,16
385,branch:default,20
386,branch:default,17
387,branch:default,19
388,branch:default,18
389,branch:default,20
390,branch:default,14
391,branch:default,13
392,branch:default,18
393,branch:default,30
394,branch:default,20
395,branch:default,46
396,branch:default,26
397,branch:default,49
398,branch:default,13
399,branch:default,32
400,branch:default,10
401,branch:default,20
402,branch:default,10
403,branch:default,20
404,branch:default,8
405,branch:default,12
406,branch:default,49
407,branch:default,20
408,branch:default,45
409,branch:default,18
410,branch:default,47
411,branch:default,27
412,branch:default,20
413,branch:default,29
414,branch:default,20
415,branch:default,20
416,branch:default,20
417,branch:default,20
418,branch:default,20
419,branch:default,6
420,branch:default,20
421,branch:default,20
422,branch:default,20
423,branch:default,20
424,branch:default,21
425,branch:default,13
426,branch:default,18
427,branch:default,20
428,branch:default,16
429,branch:default,20
430,branch:default,20
431,branch:default,20
432,branch:default,20
433,branch:default,19
434,branch:default,20
435,branch:default,20
436,branch:default,20
437,branch:default,20
438,branch:default,20
439,branch:default,19
440,branch:default,20
441,branch:default,19
442,branch:default,17
443,branch:default,20
444,branch:default,20
445,branch:default,20
446,branch:default,20
447,branch:default,20
448,branch:default,20
449,branch:default,10
450,branch:default,18
451,branch:default,20
452,branch:default,20
453,branch:default,20
454,branch:default,20
455,branch:default,5
456,branch:default,18
457,branch:default,28
458,branch:default,7
459,branch:default,17
460,branch:default,4
461,branch:default,19
462,branch:default,2
463,branch:default,20
464,branch:default,2
465,branch:default,20
466,branch:default,20
467,branch:default,20
468,branch:default,20
469,branch:default,20
470,branch:default,20
471,branch:default,20
472,branch:default,20
473,branch:default,20
474,branch:default,18
475,branch:default,20
476,branch:default,20
477,branch:default,16
478,branch:default,20
479,branch:default,20
480,branch:default,20
481,branch:default,20
482,branch:default,19
483,branch:default,20
484,branch:default,20
485,branch:default,20
486,branch:default,18
487,branch:default,16
488,branch:default,20
489,branch:default,20
490,branch:default,20
491,branch:default,19
492,branch:default,20
493,branch:default,20
494,branch:default,14
495,branch:default,20
496,branch:default,18
497,branch:default,17
498,branch:default,20
499,branch:default,20
500,branch:default,20
501,branch:default,20
502,branch:default,19
503,branch:default,17
504,branch:default,16
505,branch:default,20
506,branch:default,20
507,branch:default,20
508,branch:default,5
509,branch:default,21
510,branch:default,35
511,branch:default,10
512,branch:default,35
513,branch:default,20
514,branch:default,18
515,branch:default,20
516,branch:default,15
517,branch:default,49
518,branch:default,14
519,branch:default,20
520,branch:default,16
521,branch:default,10
522,branch:default,14
523,branch:default,10
524,branch:default,10
525,branch:default,68
526,branch:default,16
527,branch:default,19
528,branch:default,21
529,branch:default,18
530,branch:default,20
531,branch:default,29
532,branch:default,16
533,branch:default,21
534,branch:default,40
535,branch:default,48
536,branch:default,100
537,branch:default,86
538,branch:default,100
539,branch:default,60
540,branch:default,2
541,branch:default,0
542,branch:default,5
543,branch:default,3
544,branch:default,4
545,branch:default,0
546,branch:default,91
547,branch:default,7
548,branch:default,0
549,branch:default,3
550,branch:default,3
551,branch:default,1
552,branch:default,100
553,branch:default,1
554,branch:default,2
555,branch:default,2
556,branch:default,4
557,branch:default,9
558,branch:default,250
559,branch:default,15
560,branch:default,13
561,branch:default,15
562,branch:default,15
563,branch:default,14
564,branch:default,11
565,branch:default,14
566,branch:default,7
567,branch:default,6
568,branch:default,15
569,branch:default,11
570,branch:default,50
571,branch:default,15
572,branch:default,99
573,branch:default,22
574,branch:default,5
575,branch:default,5
576,branch:default,5
577,branch:default,5
578,branch:default,13
579,branch:default,3
580,branch:default,14
581,branch:default,5
582,branch:default,15
583,branch:default,15
584,branch:default,13
585,branch:default,14
586,branch:default,5
587,branch:default,17
588,branch:default,5
589,branch:default,21
590,branch:default,5
591,branch:default,5
592,branch:default,57
593,branch:default,5
594,branch:default,306
595,branch:default,15
596,branch:default,1080
597,branch:default,18
598,branch:default,5
599,branch:default,15
600,branch:default,13
601,branch:default,18
602,branch:default,104
603,branch:default,4
604,branch:default,66
605,branch:default,13
606,branch:default,112
607,branch:default,20
608,branch:default,10
609,branch:default,20
610,branch:default,149
611,branch:default,30
612,branch:default,167
613,branch:default,104
614,branch:default,111
615,branch:default,107
616,branch:default,29
617,branch:default,48
618,branch:default,16
619,branch:default,28
620,branch:default,25
621,branch:default,15
622,branch:default,20
623,branch:default,22
624,branch:default,20
625,branch:default,2
626,branch:default,2
627,branch:default,20
628,branch:default,20
629,branch:default,1
630,branch:default,2
631,branch:default,2
632,branch:default,2
633,branch:default,18
634,branch:default,24
635,branch:default,4
636,branch:default,10
637,branch:default,6
638,branch:default,3
639,branch:default,9
640,branch:default,8
641,branch:default,14
642,branch:default,26
643,branch:default,20
644,branch:default,10
645,branch:default,10
646,branch:default,8
647,branch:default,5
648,branch:default,10
649,branch:default,10
650,branch:default,10
651,branch:default,10
652,branch:default,2
653,branch:default,1
654,branch:default,5
655,branch:default,23
656,branch:default,9
657,branch:default,10
658,branch:default,5
659,branch:default,9
660,branch:default,1
661,branch:default,10
662,branch:default,9
663,branch:default,2
664,branch:default,16
665,branch:default,5
666,branch:default,9
667,branch:default,2
668,branch:default,4
669,branch:default,9
670,branch:default,2
671,branch:default,10
672,branch:default,10
673,branch:default,45
674,branch:default,1
675,branch:default,18
676,branch:default,6
677,branch:default,2
678,branch:default,4
679,branch:default,0
680,branch:default,30
681,branch:default,10
682,branch:default,11
683,branch:default,92
684,branch:default,10
685,branch:default,0
686,branch:default,6
687,branch:default,1
688,branch:default,2
689,branch:default,10
690,branch:default,10
691,branch:default,35
692,branch:default,10
693,branch:default,1
694,branch:default,88
695,branch:default,24
696,branch:default,1
697,branch:default,140
698,branch:default,13
699,branch:default,-3
700,branch:default,1
701,branch:default,4
702,branch:default,3
703,branch:default,-27
704,branch:default,1
705,branch:default,11
706,branch:default,5
707,branch:default,2
708,branch:default,2
709,branch:default,5
710,branch:default,10
711,branch:default,2
712,branch:default,2
713,branch:default,0
714,branch:default,10
715,branch:default,2
716,branch:default,2
717,branch:default,130
718,branch:default,2
719,branch:default,100
720,branch:default,0
721,branch:default,300
722,branch:default,2
723,branch:default,100
724,branch:default,1
725,branch:default,0
726,branch:default,0
727,branch:default,22
728,branch:default,20
729,branch:default,200
730,branch:default,200
731,branch:default,0
732,branch:default,1
733,branch:default,100
734,branch:default,2
735,branch:default,25
736,branch:default,26
737,branch:default,100
738,branch:default,99
739,branch:default,1
740,branch:default,100
741,branch:default,20
742,branch:default,100
743,branch:default,0
744,branch:default,0
745,branch:default,9
746,branch:default,2
747,branch:default,100
748,branch:default,72
749,branch:default,100
750,branch:default,30
751,branch:default,100
752,branch:default,0
753,branch:default,100
754,branch:default,0
755,branch:default,177
756,branch:default,200
757,branch:default,130
758,branch:default,100
759,branch:default,54
760,branch:default,0
761,branch:default,22
762,branch:default,12
763,branch:default,0
764,branch:default,1
765,branch:default,99
766,branch:default,1
767,branch:default,99
768,branch:default,0
769,branch:default,1
770,branch:default,100
771,branch:default,46
772,branch:default,3
773,branch:default,0
774,branch:default,1
775,branch:default,15
776,branch:default,2
777,branch:default,0
778,branch:default,0
779,branch:default,3
780,branch:default,0
781,branch:default,270
782,branch:default,31
783,branch:default,17
784,branch:default,10
785,branch:default,1
786,branch:default,0
787,branch:default,12
788,branch:default,0
789,branch:default,4
790,branch:default,3
791,branch:default,0
792,branch:default,22
793,branch:default,0
794,branch:default,1
795,branch:default,1
796,branch:default,1
797,branch:default,4
798,branch:default,5
799,branch:default,33
800,branch:default,33
801,branch:default,25
802,branch:default,0
803,branch:default,1
804,branch:default,10
805,branch:default,0
806,branch:default,6
807,branch:default,10
808,branch:default,10
809,branch:default,10
810,branch:default,5
811,branch:default,5
812,branch:default,3
813,branch:default,3
814,branch:default,8
815,branch:default,10
816,branch:default,10
817,branch:default,10
818,branch:default,8
819,branch:default,10
820,branch:default,8
821,branch:default,10
822,branch:default,11
823,branch:default,6
824,branch:default,10
825,branch:default,11
826,branch:default,10
827,branch:default,10
828,branch:default,4
829,branch:default,4
830,branch:default,5
831,branch:default,5
832,branch:default,0
833,branch:default,11
834,branch:default,10
835,branch:default,5
836,branch:default,3
837,branch:default,10
838,branch:default,0
839,branch:default,5
840,branch:default,10
841,branch:default,3
842,branch:default,5
843,branch:default,5
844,branch:default,5
845,branch:default,3
846,branch:default,7
847,branch:default,1
848,branch:default,9
849,branch:default,4
850,branch:default,10
851,branch:default,60
852,branch:default,22
853,branch:default,-1
854,branch:default,1
855,branch:default,1
856,branch:default,1
857,branch:default,7
858,branch:default,9
859,branch:default,7
860,branch:default,7
861,branch:default,9
862,branch:default,8
863,branch:default,10
864,branch:default,9
865,branch:default,15
866,branch:default,5
867,branch:default,0
868,branch:default,2
869,branch:default,2
870,branch:default,2
871,branch:default,4
872,branch:default,4
873,branch:default,4
874,branch:default,1
875,branch:default,3
876,branch:default,4
877,branch:default,2
878,branch:default,4
879,branch:default,3
880,branch:default,12
881,branch:default,0
882,branch:default,1
883,branch:default,69
884,branch:default,4
885,branch:default,10
886,branch:default,2
887,branch:default,5
888,branch:default,5
889,branch:default,5
890,branch:default,5
891,branch:default,5
892,branch:default,2
893,branch:default,5
894,branch:default,4
895,branch:default,2
896,branch:default,1
897,branch:default,2
898,branch:default,4
899,branch:default,0
900,branch:default,1
901,branch:default,4
902,branch:default,35
903,branch:default,2
904,branch:default,4
905,branch:default,9
906,branch:default,300
907,branch:default,5
908,branch:default,6
909,branch:default,5
910,branch:default,6
911,branch:default,-8
912,branch:default,24
913,branch:default,-1
914,branch:default,0
915,branch:default,0
916,branch:default,0
917,branch:default,0
918,branch:default,0
919,branch:default,20
920,branch:default,0
921,branch:default,0
922,branch:default,2
923,branch:default,-8
924,branch:default,5
925,branch:default,3
926,branch:default,2
927,branch:default,2
928,branch:default,2
929,branch:default,1
930,branch:default,2
931,branch:default,2
932,branch:default,10
933,branch:default,0
934,branch:default,-3
935,branch:default,0
936,branch:default,-6
937,branch:default,7
938,branch:default,9
939,branch:default,10
940,branch:default,10
941,branch:default,1
942,branch:default,22
943,branch:default,6
944,branch:default,0
945,branch:default,1
946,branch:default,7
947,branch:default,4
948,branch:default,9
949,branch:default,1
950,branch:default,37
951,branch:default,10
952,branch:default,10
953,branch:default,6
954,branch:default,21
955,branch:default,6
956,branch:default,30
957,branch:default,-56
958,branch:default,20
959,branch:default,10
960,branch:default,20
961,branch:default,50
962,branch:default,14
963,branch:default,10
964,branch:default,50
965,branch:default,50
966,branch:default,80
967,branch:default,100
968,branch:default,100
969,branch:default,98
970,branch:default,100
971,branch:default,50
972,branch:default,100
973,branch:default,97
974,branch:default,14
975,branch:default,29
976,branch:default,7
977,branch:default,30
978,branch:default,15
979,branch:default,50
980,branch:default,0
981,branch:default,18
982,branch:default,50
983,branch:default,5
984,branch:default,1
985,branch:default,9
986,branch:default,0
987,branch:default,-4855
988,branch:default,-21
989,branch:default,0
990,branch:default,1
991,branch:default,70
992,branch:default,1
993,branch:default,200
994,branch:default,16
995,branch:default,15
996,branch:default,10
997,branch:default,10
998,branch:default,2
999,branch:default,0
1000,branch:default,0
1001,branch:default,1
1002,branch:default,1
1003,branch:default,0
1004,branch:default,2
1005,branch:default,3
1006,branch:default,4
1007,branch:default,15
1008,branch:default,5
1009,branch:default,5
1010,branch:default,3
1011,branch:default,4
1012,branch:default,0
1013,branch:default,1
1014,branch:default,24
1015,branch:default,20
1016,branch:default,13
1017,branch:default,3
1018,branch:default,14
1019,branch:default,15
1020,branch:default,14
1021,branch:default,40
1022,branch:default,2
1023,branch:default,1
1024,branch:default,-22
1025,branch:default,6
1026,branch:default,11
1027,branch:default,0
1028,branch:default,0
1029,branch:default,11
1030,branch:default,1
1031,branch:default,0
1032,branch:default,3
1033,branch:default,500
1034,branch:default,3
1035,branch:default,1
1036,branch:default,1
1037,branch:default,1
1038,branch:default,1
1039,branch:default,4
1040,branch:default,4
1041,branch:default,5
1042,branch:default,5
1043,branch:default,4
1044,branch:default,0
1045,branch:default,0
1046,branch:default,10
1047,branch:default,10
1048,branch:default,4
1049,branch:default,2
1050,branch:default,8
1051,branch:default,5
1052,branch:default,7
1053,branch:default,30
1054,branch:default,2
1055,branch:default,0
1056,branch:default,19
1057,branch:default,200
1058,branch:default,100
1059,branch:default,100
1060,branch:default,94
1061,branch:default,50
1062,branch:default,0
1063,branch:default,2
1064,branch:default,25
1065,branch:default,5
1066,branch:default,5
1067,branch:default,3
1068,branch:default,0
1069,branch:default,7
1070,branch:default,6
1071,branch:default,7
1072,branch:default,7
1073,branch:default,4
1074,branch:default,6
1075,branch:default,5
1076,branch:default,7
1077,branch:default,38
1078,branch:default,-3
1079,branch:default,20
1080,branch:default,2
1081,branch:default,0
1082,branch:default,0
1083,branch:default,1
1084,branch:default,1
1085,branch:default,8
1086,branch:default,1
1087,branch:default,1
1088,branch:default,1
1089,branch:default,1
1090,branch:default,2
1091,branch:default,2
1092,branch:default,1
1093,branch:default,1
1094,branch:default,1
1095,branch:default,4
1096,branch:default,6
1097,branch:default,6
1098,branch:default,0
1099,branch:default,4
1100,branch:default,20
1101,branch:default,7
1102,branch:default,10
1103,branch:default,7
1104,branch:default,1
1105,branch:default,2
1106,branch:default,20
1107,branch:default,72
1108,branch:default,4
1109,branch:default,13
1110,branch:default,100
1111,branch:default,100
1112,branch:default,1
1113,branch:default,-2
1114,branch:default,4
1115,branch:default,0
1116,branch:default,9
1117,branch:default,6
1118,branch:default,20
1119,branch:default,5
1120,branch:default,31
1121,branch:default,8
1122,branch:default,14
1123,branch:default,15
1124,branch:default,0
1125,branch:default,5
1126,branch:default,20
1127,branch:default,12
1128,branch:default,0
1129,branch:default,9
1130,branch:default,9
1131,branch:default,9
1132,branch:default,0
1133,branch:default,15
1134,branch:default,8
1135,branch:default,0
1136,branch:default,0
1137,branch:default,0
1138,branch:default,1
1139,branch:default,1
1140,branch:default,1
1141,branch:default,205
1142,branch:default,-2
1143,branch:default,1
1144,branch:default,1
1145,branch:default,1
1146,branch:default,5
1147,branch:default,0
1148,branch:default,0
1149,branch:default,0
1150,branch:default,2
1151,branch:default,10
1152,branch:default,3
1153,branch:default,3
1154,branch:default,2
1155,branch:default,10
1156,branch:default,10
1157,branch:default,10
1158,branch:default,10
1159,branch:default,10
1160,branch:default,13
1161,branch:default,18
1162,branch:default,0
1163,branch:default,50
1164,branch:default,5
1165,branch:default,0
1166,branch:default,0
1167,branch:default,0
1168,branch:default,0
1169,branch:default,0
1170,branch:default,2
1171,branch:default,0
1172,branch:default,0
1173,branch:default,0
1174,branch:default,0
1175,branch:default,0
1176,branch:default,9
1177,branch:default,8
1178,branch:default,0
1179,branch:default,1
1180,branch:default,11
1181,branch:default,1
1182,branch:default,20
1183,branch:default,33
1184,branch:default,30
1185,branch:default,40
1186,branch:default,0
1187,branch:default,-2
1188,branch:default,14
1189,branch:default,100
1190,branch:default,0
1191,branch:default,0
1192,branch:default,-300
1193,branch:default,32
1194,branch:default,0
1195,branch:default,19
1196,branch:default,4
1197,branch:default,5
1198,branch:default,3
1199,branch:default,5
1200,branch:default,82
1201,branch:default,5
1202,branch:default,89
1203,branch:default,0
1204,branch:default,0
1205,branch:default,20
1206,branch:default,3
1207,branch:default,3
1208,branch:default,6
1209,branch:default,0
1210,branch:default,0
1211,branch:default,0
1212,branch:default,-1
1213,branch:default,4
1214,branch:default,4
1215,branch:default,10
1216,branch:default,0
1217,branch:default,0
1218,branch:default,0
1219,branch:default,2
1220,branch:default,6
1221,branch:default,0
1222,branch:default,12
1223,branch:default,3
1224,branch:default,8
1225,branch:default,0
1226,branch:default,1
1227,branch:default,10
1228,branch:default,10
1229,branch:default,10
1230,branch:default,-1
1231,branch:default,-2
1232,branch:default,-6000
1233,branch:default,-1500
1234,branch:default,0
1235,branch:default,0
1236,branch:default,0
1237,branch:default,0
1238,branch:default,0
1239,branch:default,0
1240,branch:default,1
1241,branch:default,0
1242,branch:default,0
1243,branch:default,0
1244,branch:default,40
